SMILES,C1,C2
CC(O)CCCOCO,0.11379999999999996,33.95259999999999
COC(O)CCCCO,0.11379999999999996,33.95259999999999
CC(CCO)CCO,0.3873,32.56959999999999
NCCNCCN,-1.506599999999999,30.978499999999997
CCCCCCCN,1.9155000000000002,37.8134
CC(CCO)CCCN,0.7437999999999998,39.15520000000001
NCCCCC(O)CO,-0.5313999999999999,35.998
COC(=O)CCCCO,0.3219999999999999,32.95279999999998
COC(=O)OC1CCOC1,0.5582999999999999,32.713999999999984
CC(C)CCCCO,1.805,35.77479999999999
COC1CCCCC1,1.9655,33.881999999999984
OCC1CCCCC1O,0.5298,35.05059999999999
CCCCCCCO,1.9491,35.84479999999999
NCCCCC(=O)O,0.20000000000000012,30.54119999999999
CC(C)CCCN,1.3813,33.12639999999998
O=C(CO)C(O)C(O)CO,-2.7380999999999998,31.19219999999999
CC(C)C(C)C(O)O,0.5892000000000001,32.22759999999998
CC(C)CCCCN,1.7714,37.74339999999999
CCC(N)CCCO,0.49620000000000014,34.586199999999984
OCOCCOC(O)CO,-1.7198999999999998,32.082399999999986
COC(O)C(O)CCCO,-0.9154000000000002,35.34239999999999
CC(C)CCCCO,1.8050000000000002,35.77479999999999
CC(O)CCC(C)O,0.5282,32.59559999999998
CCC(=O)OC1CCCC1,1.8821999999999999,38.639
CCC(CC)CO,1.4149,31.15779999999998
CCC(=O)OCCC(C)O,0.7104999999999999,37.547799999999995
CC(O)CCCCO,0.5298,32.61759999999998
*COCCCCC,1.7,30.343999999999983
CCCOCCCCO,1.1855,37.4298
O=C(CCCCCO)OO,0.5552999999999999,34.274599999999985
CC(CO)CC(O)O,-0.6844,29.092399999999987
CCC(=O)CC1CC1O,0.7363999999999999,34.02879999999999
CCC1(O)CC1C(C)O,0.5282,35.02859999999999
CC(C)CC(C)(O)O,0.7332999999999998,32.29759999999998
COC1(CN)OC1=O,-1.1554000000000002,24.8864
CCCCNC(=O)CO,-0.1050000000000001,35.003499999999995
CCC(=O)CCCCO,1.1281,36.23479999999999
CCCC(C)(O)CC,1.9475,35.822799999999994
OCOCCCC(O)CO,-0.9138,35.36439999999999
CCCCC(N)O,0.45369999999999977,29.71919999999999
OCC12CC3CCC1C32,1.0248,33.83979999999999
CCCCC(O)C(O)O,-0.1518,33.75739999999999
COCCCCCCCO,1.5756000000000001,42.04680000000001
NC(O)c1cncnc1,-0.5738000000000003,31.179199999999998
O=C1CCOC(=O)CC1,0.28259999999999996,29.81699999999999
CCCCCOCCO,1.1855,37.42979999999999
CCC12CC1C(O)C2O,0.1381,32.844599999999986
CCCCCCC,2.976700000000002,34.432999999999986
CCCCCCCCO,2.3392000000000013,40.461800000000004
CNCCC(O)OC,-0.4393,31.55949999999999
CC(O)CCC(=O)C=O,-0.08460000000000001,31.985799999999983
COC12CC1CC2O,0.15609999999999996,28.470799999999983
CCC(O)C(O)CC=O,-0.29280000000000017,32.985599999999984
NC(=O)CCCCC(O)O,-0.6572000000000001,35.888
CCCCCCCC,3.3668000000000022,39.05
CC(=O)C1CCCCO1,1.1445,34.27199999999999
CC(O)CCCCCO,0.9198999999999999,37.23459999999999
CCC12CC1(CCO)C2O,0.5297999999999998,37.483599999999996
CC(C)C(C)CCO,1.6609,35.70479999999999
CCC(O)CC(O)CC=O,0.09729999999999994,37.6026
NCCCCCCO,0.4978000000000001,34.6082
OCC1CCCCCCO1,1.328,39.91080000000001
COC(=O)CCCC(O)O,-0.35960000000000025,34.09259999999999
OCCOC1CCCC1,0.9379,35.2938
O=CCCCCC(O)O,0.056400000000000006,32.75759999999998
CCCC(O)CC,1.5574,31.205799999999982
COCCCCCOC,1.4495000000000002,37.603
CCCC(O)CC,1.5574,31.205799999999982
O=C(O)CCCCCCO,1.0138,37.8066
CC(O)C(O)CCCO,-0.49940000000000023,34.00739999999999
CCCCCCCC,3.3668000000000022,39.05
NCCCC(O)CCO,-0.5313999999999999,35.998
CCCCC1CC1O,1.5574,33.63879999999999
OCC1(O)C(O)CC1O,-2.1646999999999994,28.66619999999999
CC(O)C(C)(C)CO,0.38569999999999993,32.54759999999998
COCC(O)CCC=O,-0.02719999999999989,33.18079999999999
CCCCCCCO,1.9491,35.84479999999999
CC(=O)CCCCCO,1.1281,36.23479999999999
OCC1(O)C(O)CCC1O,-1.7746000000000002,33.28319999999999
NCC(O)CCCCO,-0.5314000000000003,35.998
CCCCCCCO,1.9491,35.84479999999999
CCCCCCOC(=O)O,2.2613,38.11879999999999
COC1CCCCOC1,1.2019,35.46699999999999
CCCCC(O)CCN,0.8863000000000001,39.203199999999995
OCCCCCO,0.14130000000000004,28.022599999999986
COCC(O)CC(O)O,-1.3055,30.725399999999983
NC1=NC2=C1N=NC2,0.034600000000000075,28.3714
NC1CCCCC1,1.2778,31.06039999999999
NCC(O)CCOCO,-1.3375000000000001,32.715999999999994
CC(O)C1(C)CC1C,1.4133,33.56879999999999
CC(C)CCCC(O)O,1.1234,36.91459999999999
COC1(O)CC2CC21,0.3612,28.172799999999988
O=CCCCCCCO,1.1281,36.23479999999999
CNCC(O)CCCO,-0.6608000000000005,36.253299999999996
CC(CCO)C(N)O,-0.7180000000000002,31.06099999999999
CC(O)C1CCC(O)C1,0.5282,35.02859999999999
CCCC(O)CC,1.5574,31.205799999999982
CCCCCCCO,1.9491,35.84479999999999
NC(CO)C(O)CCCO,-1.5605999999999993,37.38779999999999
CCCCCCCN,1.9155000000000002,37.8134
CCCCC(C)O,1.5574,31.205799999999982
NCCCCCN,0.07410000000000017,31.959799999999994
CCCOCCCO,0.7953999999999999,32.81279999999998
CCCCCCCCO,2.3392,40.461800000000004
CCC(O)CCCC(C)O,1.3084,41.829600000000006
OC(O)C1CCC2OC21O,-1.2055000000000005,30.772399999999983
OCC(O)C1CC(O)C1,-0.8895000000000002,31.823399999999985
CCC1(C(=O)OC)CO1,0.3383999999999997,30.989999999999984
COC(=O)CCC(O)O,-0.7497000000000001,29.475599999999986
CCCOCCN,0.3716999999999999,30.16439999999999
CCCCCCCN,1.9155000000000002,37.8134
CCC(O)(CO)CCO,-0.49780000000000046,34.02939999999999
OCCCCCCC(O)O,0.23989999999999984,38.3964
NCCCC(N)=O,-0.7894000000000001,27.482799999999997
CNC1(C)CCCN1,0.3053999999999997,34.701399999999985
CNCCCCCO,0.3683999999999999,34.863499999999995
CC1CCCCCC1=O,2.1557000000000004,37.25599999999999
CCC(=O)CCCO,0.738,31.617799999999985
CCC1CC1CCO,1.4149,33.59079999999999
CC(O)CC1CN=CN1,-0.2426000000000001,36.580499999999994
*C1CC1C(=O)NC,0.09010000000000001,25.923699999999993
CCCCCN,1.1353,28.57939999999999
COCCCCCO,0.7953999999999999,32.81279999999998
COCCCCCO,0.7953999999999999,32.81279999999998
*C(O)CCCCCO,0.4068,31.560599999999983
O=C1OC1CCCCCO,0.46449999999999997,35.43379999999999
CCCCCCC(=O)O,2.0414000000000003,36.3948
COC1C(O)CCC1CO,-0.23540000000000005,36.6136
CCC(=O)C(CO)CC=O,0.16299999999999998,36.5548
NCCNC(N)=O,-1.3866,26.640500000000003
CCCCCCC=O,2.1557000000000004,34.822999999999986
*C(=O)CC(O)C(C)O,-0.8059000000000001,27.311599999999988
CC(O)CCCN,0.1061000000000002,29.96919999999999
NCC(O)CC(N)O,-2.0267999999999993,29.8724
O=C(CO)OCCCCO,-0.7056,34.36459999999999
CCCC(O)CCC,1.9475,35.822799999999994
NCCCCC(O)O,-0.5738999999999997,31.13099999999999
CNCCCCN,-0.055300000000000016,32.215099999999985
OCCC1CCCC1,1.559,33.66079999999999
CC(=O)CCCCCCO,1.5182,40.851800000000004
CCC(=O)CCC(O)CO,0.09889999999999999,37.624599999999994
CCCCCCC=O,2.1557000000000004,34.822999999999986
NCCNCCO,-1.4729999999999996,29.009899999999995
*CCCCCCC,2.924400000000001,33.56599999999999
CC(C)CCCN,1.3813,33.12639999999998
COC(=O)CCCN,-0.10170000000000001,30.30439999999999
CC(O)CCC=O,0.3463,26.978799999999985
CCC(N)CCCN,0.4626,36.55479999999999
O=C1CC2CCCCC12,1.7656,35.07199999999999
NC(=O)NCCCC(=O)O,-0.4805000000000002,34.4559
COC1(O)CCCC1O,-0.13379999999999986,31.816599999999987
CNC(=O)C1CCCC1,0.9225999999999999,36.024699999999996
CN(C)CCCCO,0.32050000000000006,34.87379999999999
CC(=O)C(C)CCO,0.5939000000000001,31.54779999999998
OCCCCOCCCO,0.15789999999999976,38.8416
O=C(O)C(O)CC(O)CO,-1.8248000000000002,31.35219999999999
CCCCNCC,1.396,33.45169999999999
CNC(O)CC(=O)OC,-0.9127000000000003,31.69949999999999
NC(=O)C12CC1CCO2,-0.34930000000000017,30.601399999999995
CC1CCCC(O)C1=O,0.7363999999999999,34.02879999999999
O=C(CO)CCCC(O)O,-0.9712000000000001,34.16939999999999
CCC(CO)CCNC,0.6143999999999996,39.410500000000006
OCCCCCOCCO,0.15789999999999976,38.8416
CCCCCCC(O)O,1.2674999999999998,36.98459999999999
COC(=O)CCCCCO,0.7121,37.569799999999994
CCC(C)(OC)C(C)O,1.1823,37.38579999999999
*CC(O)C(=O)C(C)O,-0.7352000000000005,27.50159999999999
CCCOCCC(C)C,2.4591000000000003,40.565000000000005
OCCCCCCCO,0.9215,37.25659999999999
*CCCCCCC,2.924400000000001,33.56599999999999
NCCCCC(=O)O,0.20000000000000012,30.54119999999999
OCCOCCCC(O)O,-0.9138,35.36439999999999
NCCCCC(O)O,-0.5738999999999997,31.13099999999999
O=C1CCCCC(O)OC1,0.46449999999999997,35.43379999999999
CCCC(O)CCCO,0.9198999999999999,37.23459999999999
CCCCCCO,1.559,31.22779999999998
NCC(N)CCO,-1.3451999999999997,28.732599999999998
CCCCCCOC=O,1.7397,36.157999999999994
CCCCC(O)CO,0.5298,32.61759999999998
CCC(=O)CC(O)CO,-0.2912,33.00759999999998
COC(O)CCCC=O,0.3204,32.930799999999984
CC(C)CC(O)C(=O)O,0.478,33.097599999999986
CC(C)CC(O)CCO,0.7758,37.16459999999999
CC1C(=O)C1CCCO,0.5938999999999999,33.98079999999999
NC(O)C(O)CCO,-1.9932,27.903799999999993
CC(O)NCCN,-1.1270000000000002,28.737899999999993
CCCCCC(O)CO,0.9198999999999999,37.23459999999999
CCCCC(O)C(O)O,-0.1518,33.75739999999999
CCC(O)CCCO,0.5298,32.61759999999998
CCC(O)CCC(C)O,0.9182999999999999,37.212599999999995
COCCCCC(C)=O,1.3921000000000001,36.407999999999994
COCCCCCC(O)O,0.5038999999999998,38.5696
CC(N)NCCN,-1.1605999999999996,30.7065
*C1OCCCCC1O,0.4232,29.59779999999999
CCC(C)(O)C(=O)O,0.23199999999999998,28.550599999999985
CCC1(C)NC1CO,0.11919999999999964,32.70549999999999
O=C(OO)C12CC1CCO2,0.18159999999999998,30.12779999999999
OCCCCCC(O)CO,-0.10770000000000002,38.6464
CCCOCCCC=O,1.3921,36.407999999999994
COC(=O)C(O)CCCO,-0.7072000000000003,34.34259999999999
O=CCOCCCCCO,0.3644999999999998,37.8198
O=C(O)CCCC(=O)O,0.32590000000000025,29.12259999999999
O=C(O)CCCCO,0.23360000000000009,28.572599999999987
CC(O)CNCO,-1.0934,26.769299999999994
COC1COCC(O)C1,-0.2174000000000002,32.23979999999999
CCC(O)CCC(O)O,-0.1518,33.75739999999998
O=C(O)OC1C=CC=C1O,1.0613,32.74959999999999
CCCCCOC(C)O,1.5315,37.157799999999995
O=C(O)CCCCCO,0.6236999999999999,33.189599999999984
O=C(O)C1CC1OCCO,-0.5316000000000001,32.56859999999999
CNCNCCO,-1.2547999999999995,29.01519999999999
NCCCCC1CC1O,0.49620000000000003,37.019200000000005
CNC(=O)CCNN,-1.4141999999999983,30.8738
CNCCC(O)CN,-1.0844999999999998,33.6049
CNCCC(C)C,1.2519,33.38169999999999
NC1CC12NC2CO,-1.5796999999999997,29.332899999999995
*CCCCC(=O)OC,1.2973,30.673999999999985
CCCCCCCCO,2.3392000000000013,40.461800000000004
CCOC(CO)C(C)O,-0.23540000000000028,34.18059999999999
CCCCCCCCC,3.7569000000000026,43.667000000000016
OCCOC1CCCC1O,-0.09129999999999988,36.6836
*CCCC(=O)OC,0.9071999999999999,26.056999999999988
NC(=O)CCCCCO,0.02439999999999959,34.7482
NC(=O)NCCCO,-0.9628999999999999,29.288899999999995
NCCCNCN,-1.1589999999999985,30.728499999999997
COCCCCCN,0.7618,34.781399999999984
CCCCCC(C)O,1.9475,35.822799999999994
NC(=O)C1CCCOC1,-0.10170000000000035,32.737399999999994
OCCC(O)(CO)CO,-1.9155,30.82419999999999
CCCCCCN,1.5254000000000003,33.19639999999999
NC1COCC1OCCO,-1.2785999999999988,35.62019999999999
CC(C)CCCCO,1.805,35.77479999999999
COCCC(O)C(O)CO,-1.2630000000000001,35.5924
CC(C)CCCCO,1.8050000000000002,35.77479999999999
CC(=O)C(=O)CCCCO,0.3071,36.6248
CCCCCC(C)O,1.9475,35.822799999999994
O=CCC(O)CCO,-0.6813000000000002,28.390599999999985
CCCC(=O)CCCO,1.1281,36.23479999999999
NC(=O)C1CCCCC1=O,0.23099999999999965,36.1594
CC(O)C(O)CCC=O,-0.29280000000000017,32.985599999999984
NC(=O)C1CCNC1,-0.9188000000000003,30.171099999999996
O=C(O)C12CCCC1N2,-0.03449999999999992,31.141499999999994
O=C(O)CCCCC(O)O,-0.05789999999999995,34.329399999999985
CC(O)C(C)CCCO,0.7758,37.16459999999999
COCCCCC(=O)CO,0.3645000000000001,37.8198
CCC(=O)CCCC(=O)O,1.2204,36.78479999999999
CC(O)CCC(=O)CO,-0.29120000000000007,33.00759999999998
CC(CO)CC(=O)O,0.08950000000000002,28.502599999999987
OCCCCCCO,0.5313999999999999,32.63959999999998
CC(C)(CO)CC(=O)O,0.4796000000000001,33.119599999999984
CCCC(=O)CN,0.3142999999999996,28.96939999999999
CNCCCCO,-0.02170000000000022,30.246499999999987
COC(O)CCCC=O,0.3204,32.930799999999984
CNCCNC(=O)O,-0.5266,29.954199999999993
*C(CCN)CCO,0.055400000000000005,29.12419999999999
CCCC(O)CCCCO,1.31,41.85160000000001
CNC(O)CCCN,-0.7368999999999999,33.35489999999999
CNCCCCN,-0.055300000000000016,32.215099999999985
O=C1CCCCCC1O,0.8804999999999998,34.09879999999999
O=COCCCCCCO,0.7121,37.569799999999994
*CCCCCC,2.534300000000001,28.948999999999984
CCCOC(O)C(=O)O,-0.18400000000000016,29.885599999999986
*C1CC1OCCCC,1.9132,33.014999999999986
COC(C)(O)CC(C)O,0.11219999999999997,33.93059999999999
NCC1NC1CO,-1.7221999999999993,26.851899999999997
CCC1CCCNC1=O,0.9225999999999999,36.02469999999999
CNC(=O)CCNN,-1.4141999999999983,30.8738
*CCCCCCO,1.5067,30.360799999999983
CC(=O)CCCC(=O)O,0.8303,32.16779999999999
*CCCCNCCN,0.2824999999999993,35.96510000000001
CCCOCOCCCO,0.7694999999999999,38.7648
*C1NCCC1OC,-0.12990000000000007,27.20469999999999
NCCCOCCO,-0.6558999999999999,31.57619999999999
OCCC1(O)C2CCOC21,-0.48140000000000005,34.499599999999994
*CC(O)C(=O)CC,0.294,26.111799999999988
COC(O)CCC(O)O,-0.9579000000000002,30.475399999999986
O=C(O)C12CCOC1O2,-0.41359999999999997,25.808799999999994
CC(CC(O)O)C(N)=O,-1.1914000000000005,31.20099999999999
CCCC(C)CC,2.832600000000001,34.362999999999985
CCCCCCO,1.559,31.22779999999998
CCC(=O)C1CC1C(=O)O,0.6861999999999999,34.530799999999985
CNCCCC=O,0.18489999999999984,29.224699999999988
COCCCN,-0.01839999999999986,25.547399999999996
O=CCCCCCCCO,1.5182,40.851800000000004
O=C(O)CCCCC(=O)O,0.716,33.73959999999999
CCCCCCO,1.559,31.22779999999998
CCC(=O)CCC(=O)OC,0.9187,36.548
CCC(O)CCNC,0.36679999999999985,34.841499999999996
CCCCC(O)CO,0.5298,32.61759999999998
OCCCC(O)OCCO,-0.9138000000000004,35.36439999999999
OCCCCC(O)O,-0.5402999999999999,29.162399999999987
CCC1OC1CCO,0.5462,30.65479999999998
NCC12CCC1C2,0.7452000000000001,28.82839999999999
CC(O)C(O)CCCO,-0.49940000000000023,34.00739999999999
CCC(O)C(O)CCO,-0.49940000000000023,34.00739999999999
NCCC(=O)CN,-1.1369999999999996,27.732799999999997
COCC(O)CCO,-0.6238999999999999,29.585599999999985
CNCCCCCCO,0.7585,39.4805
CCCCCCCC,3.3668000000000022,39.05
CCCCCC(=O)O,1.6513,31.777799999999985
COC(O)CCC=O,-0.0697000000000001,28.313799999999986
CC(O)CCC(O)O,-0.5418999999999999,29.14039999999999
*CCCCC(O)O,0.43499999999999994,26.883599999999987
CCCCCC(N)=O,1.0519999999999996,33.33639999999999
O=C(CO)CCCCCO,0.10050000000000009,37.6466
CC(O)CCC1CC1O,0.5282,35.02859999999999
CC(O)C(O)C1CC1O,-0.8911,31.801399999999987
*C(CCCO)NC,-0.14630000000000004,29.167499999999986
CCCCCCCC(C)=O,2.935900000000001,44.057000000000016
CCCCC(=O)C=O,0.9446,30.595999999999986
NC(=O)CCCC(O)CO,-1.0048000000000006,36.138
CC(C)C(C)(C)CCO,2.051,40.3218
CCCCCCC=O,2.1557000000000004,34.822999999999986
CCCCOCCO,0.7953999999999999,32.81279999999998
NC1CCCCC1,1.2778,31.06039999999999
O=COOCC1CCCC1,1.2812000000000001,35.05899999999999
CNC1CCC1N,-0.30450000000000016,30.05709999999999
CNCCCCCO,0.3683999999999999,34.863499999999995
CC(C)CCC(=O)O,1.5072,31.70779999999998
CCCC(C)C(=O)CC,2.401700000000001,39.37
CCCCC(O)O,0.4872999999999999,27.750599999999988
OC1CCCCOOCN1,-0.01600000000000018,34.897499999999994
CCCCCCCC,3.3668000000000022,39.05
NC(O)C1CCCC1O,-0.5755000000000006,33.541999999999994
NCCCCCC(O)O,-0.18380000000000007,35.74799999999998
CCCC1CC(O)C1,1.5574,33.63879999999999
CC1CCC(=O)CC1O,0.7363999999999999,34.02879999999999
CCCCOCCOC,1.4495,37.603
OCC1CCCCC1,1.559,33.66079999999999
O=CCCOCCCCO,0.3645,37.8198
CCCCCCC,2.976700000000002,34.432999999999986
CCCNCCCCO,0.7585,39.480500000000006
CNCCCO,-0.4118000000000001,25.629499999999993
CCCC(=O)OC,0.9594999999999999,26.923999999999985
CCCCCCCCOC,2.9933000000000014,45.25200000000002
NCCCCCO,0.10769999999999996,29.99119999999999
CC(=O)CCCCCN,1.0945,38.203399999999995
CCCCC(CN)CO,0.7438000000000002,39.155199999999994
OCCCCCCO,0.5313999999999999,32.63959999999998
CCCCCC(O)CO,0.9198999999999999,37.23459999999999
CCCCCCC,2.976700000000002,34.432999999999986
CCC(=O)CCCC(=O)O,1.2204,36.78479999999999
CCCC(O)OC,0.7513000000000001,27.92379999999999
CCCNCCC(O)O,-0.3132,36.003299999999996
CCCCC(C)NC,1.7845,38.0467
CC(=O)CCCCC=O,1.3347,35.212999999999994
CC(O)C(=O)NCCO,-1.5243,31.77629999999999
CNCCCCCN,0.3347999999999999,36.83209999999999
CC(O)CCCCCC=O,1.5166,40.829800000000006
COC(=O)C1CCCCC1,1.7397,38.591
OC(O)CCCC(O)O,-1.2219000000000002,30.302199999999985
CCCOCCOC=O,0.586,33.12599999999999
CCCCCCN,1.5253999999999999,33.19639999999998
OCC(O)C1(O)CCCC1,-0.3552999999999999,36.5104
COC(=O)CCCO,-0.0681000000000001,28.335799999999985
OCCCOCCO,-0.6223000000000001,29.607599999999984
COC(=O)CCCNCO,-0.521,36.338499999999996
CC(O)C12CN1C2=O,-1.0382,26.12479999999999
CC(O)C(O)CO,-1.2796,24.773399999999995
O=C(CO)C1CCCCC1,1.1281,38.66780000000001
CC1=C(C=O)CCC1C,1.9317,37.162
CCCCCCCC(=O)O,2.4314999999999998,41.0118
OC(O)C1CCCCC1,0.8774,34.80059999999999
OCCOC1CCC1O,-0.48140000000000027,32.06659999999999
CCCNC(C)O,0.32430000000000003,29.97449999999999
CC(C)C(C)CCO,1.6609,35.70479999999999
CCCCCCO,1.559,31.22779999999998
CCCCC(O)C(C)=O,1.1265,36.212799999999994
CCCCCCC(=O)O,2.0414,36.39479999999999
CNC(=O)OCCCN,-0.3087999999999999,34.07909999999999
O=C1COCCCCCO1,0.7301,35.629
CCC(O)C(O)C(O)CO,-1.5286,35.39719999999999
CCCCCCCO,1.9491,35.84479999999999
CCCC(O)NC,0.3242999999999999,29.97449999999999
CCC(O)C1CC1CO,0.3857,34.98059999999999
CCCCCCCO,1.9491,35.84479999999999
O=C(O)C1CCCCC1,1.6513,34.21079999999999
OC1CC2CCCOC12,0.5462,33.087799999999994
CC(O)CCCCCO,0.9198999999999999,37.23459999999999
CC(O)C1CCC(O)O1,-0.13540000000000013,31.794599999999985
*CCCCCCN,1.4731000000000003,32.32939999999999
COC(=O)C1CCCC1O,0.32039999999999985,35.36379999999999
CCCCCCCC,3.3668000000000022,39.05
CC(CC(O)O)C(=O)O,-0.5921,29.642399999999984
CCCCCCCN,1.9155,37.81339999999999
CCC(O)OCCCO,0.11380000000000001,33.95259999999999
CC(=O)OCC(C)C=O,0.38449999999999995,31.860999999999986
CCC(O)CCC(=O)OC,0.7104999999999999,37.5478
COCCCCCC=O,1.3921000000000001,36.407999999999994
CC(=O)CC(O)C(=O)CN,-1.1457999999999995,35.36619999999999
CCCCCCCO,1.9491,35.84479999999999
CCCCCC(O)CO,0.9198999999999999,37.23459999999999
CCC(O)(CN)CO,-0.9215000000000002,31.38099999999999
CCCCNC(N)O,-0.3893000000000004,33.1049
OCCCOCCOCO,-0.6482000000000001,35.559599999999996
CNCNCCN,-1.288399999999999,30.983799999999995
CC(=O)CCCC(C)=O,1.3347,35.212999999999994
NCCCCCO,0.10769999999999996,29.99119999999999
CC(C)CCCC(=O)O,1.8973,36.32479999999999
CCOC(O)CC(=O)O,-0.18400000000000022,29.885599999999986
COC(=O)C(O)C(C)OO,-0.6015999999999999,31.19859999999999
O=C(O)C12CC(O)C1C2,-0.15810000000000013,28.79959999999999
CC(C=O)CC(O)C=O,-0.22870000000000007,31.915799999999983
CCCCCCCC,3.3668000000000022,39.05
O=C(O)C1CCC(O)C1,0.23199999999999998,30.98359999999999
CCCCCCOC=O,1.7397,36.157999999999994
*C1OC(O)CC1C,0.23659999999999998,24.66079999999999
CC(O)C(N)CCN,-0.9566999999999992,33.32759999999999
O=C(O)CCCCCO,0.6236999999999999,33.189599999999984
CC(CO)C1(CO)CC1O,-0.6419000000000004,36.392399999999995
CC(O)C1CC1CO,-0.0043999999999999595,30.363599999999984
CCCCCCO,1.559,31.22779999999998
CC(O)CCC1CO1,0.5462,30.654799999999984
COC(=O)C1CC(O)C1O,-1.0989000000000004,32.13659999999999
CCCCCC(=O)CO,1.1281,36.23479999999999
CCCCCCCOCO,1.9232,41.796800000000005
CCCCCN,1.1353,28.57939999999999
CNCCCCN,-0.055300000000000016,32.215099999999985
CCC(=O)CCCN,0.7044,33.58639999999998
CCCCOCC,1.823,31.400999999999982
NCC(=O)CC(O)CO,-1.7425000000000004,31.77099999999999
CC(C)C(O)C(N)=O,-0.5114000000000005,30.03919999999999
NC(O)CCCO,-0.9640000000000002,26.513999999999992
COCCC1CCOC1,1.0594000000000001,35.419
CCCCCCCOC,2.603200000000001,40.635000000000005
CC(O)CCCCC(O)O,0.2383,38.3744
NC(=O)CCCC(O)O,-1.0473000000000006,31.27099999999999
COC(=O)CCCCCN,0.6785,39.538399999999996
CC1CC(O)OC(O)C1,0.06969999999999998,31.496599999999987
CCCCC(=O)C(O)O,0.056400000000000006,32.75759999999998
NCCCCCO,0.10769999999999996,29.99119999999999
NC(=O)CCCC(=O)O,-0.2734000000000006,30.681199999999993
CCCCC(N)CO,0.49619999999999953,34.5862
CC1CC1CCCO,1.4149,33.59079999999999
*CC(=O)OCCC,0.9072,26.056999999999988
CCCCCCC(O)O,1.2674999999999998,36.98459999999999
CC(=N)CNN,-0.5106300000000001,25.590799999999998
NCC(O)CCCCO,-0.5314000000000002,35.998
CC(=O)CC(C)O,0.3463,26.978799999999985
CC(O)C(=O)NC(=O)O,-0.8386,27.84829999999999
CCCCCC(C)C(=O)O,2.2874000000000008,40.94180000000001
NC1CNCCNC1,-1.493499999999999,33.7148
OCCCNCCO,-1.0493000000000003,31.658299999999986
NC(=O)CCCCO,-0.3657000000000003,30.13119999999999
OCOCCOCCOO,-0.5409999999999999,32.43759999999999
CC(O)OC(C)CC(O)O,-0.5694,35.070399999999985
CC(O)C(C)C(=O)O,0.08790000000000003,28.480599999999985
COCCCCCOCO,0.7694999999999999,38.7648
NCCCCCO,0.10770000000000002,29.99119999999999
CCCC1(C)OC1O,0.8937999999999999,30.40479999999998
CC(C)(C=O)NCCO,-0.45420000000000016,35.2315
CCCCC(O)OC,1.1414,32.54079999999998
CC(=O)C1CCCCC1O,1.1264999999999998,38.6458
OCC(O)C1CCOC1,-0.6238999999999999,32.018599999999985
*CCCCCCC,2.924400000000001,33.56599999999999
C=CNCC(=O)C(=O)O,-0.6268,30.842499999999994
CC1(CO)CCC(O)C1,0.5298,35.05059999999999
CCCCCCCC,3.3668000000000022,39.05
O=C(O)CCC1CC1O,0.23199999999999998,30.983599999999985
CC(=O)NC(N)C=O,-1.3938000000000001,27.856099999999998
CC(=O)CC(O)C(C)O,-0.29279999999999995,32.985599999999984
*C(O)CCC(=O)OC,-0.19270000000000015,27.256799999999988
OCCOC1CC=CC1O,-0.3153000000000001,36.5896
CC(O)CCCO,0.1397,28.000599999999988
CCCC(O)CCC,1.9475,35.822799999999994
O=C(O)CCCC(=O)CO,-0.19729999999999986,33.57959999999999
CCCCC1CC(O)C1,1.9475,38.2558
CCC(O)CC(O)OCO,-0.5678000000000003,35.09239999999999
O=CCC1CCCN1,0.32739999999999997,31.70569999999999
CNCCCCCCO,0.7585,39.480500000000006
CC(=O)C(O)CCCO,-0.29120000000000007,33.00759999999998
COC(=O)C(C)CCO,0.1778999999999999,32.88279999999998
OCOCCCC(O)CO,-0.9138,35.36439999999999
CC(=O)CCC(C)O,0.7363999999999999,31.595799999999983
CCCCOC(C)=O,1.3496000000000001,31.540999999999983
CC(=O)CCCCCO,1.1281,36.23479999999999
NC(=O)CCCCO,-0.3657000000000003,30.13119999999999
O=C(O)CCCCO,0.23360000000000009,28.572599999999987
*CCCCCN,1.0830000000000002,27.712399999999988
CC(O)CCCC(=O)O,0.6221,33.167599999999986
CCCC(=O)C(O)C(O)O,-0.9728000000000001,34.14739999999999
CCNCCCOC,0.6324000000000001,35.036699999999996
COC(=O)OCC(O)OO,-0.42260000000000014,28.07759999999999
NC(=O)C1CCCC1,0.6618999999999997,31.15239999999999
CC1CCCCCC1O,1.9475000000000002,38.2558
O=CC(O)CC(O)C(=O)O,-1.6182,30.33039999999999
NC(O)CCCO,-0.9640000000000002,26.513999999999992
CCCCC(O)OC(=O)O,1.1896,34.64159999999998
*CCCCC(O)CC,1.8952,34.95579999999999
CCCCNCCNN,-0.16059999999999863,39.9678
OCC12CCCC1O2,0.3002,28.54079999999999
COC(O)CCC(O)O,-0.9579000000000002,30.475399999999986
NC(=O)CCCCO,-0.3657000000000003,30.13119999999999
N=CCNC(O)CO,-1.4637300000000004,29.87899999999999
O=C(CO)C1CCCC1O,-0.29119999999999985,35.44059999999999
COC1CCCCO1,1.1594,30.599999999999984
CCC(=O)OCCCO,0.322,32.95279999999998
CC1CCCCC1O,1.5574,33.63879999999999
OCCCCCCCO,0.9215,37.25659999999999
CCCCC(=O)CC,2.1557000000000004,34.822999999999986
CCCCCC(O)OO,1.3747,33.862599999999986
NCCCCCCC(=O)O,0.9802000000000002,39.7752
CC(CCCO)C(N)=O,-0.1197000000000003,34.6782
N=C(O)CCCC=O,0.89087,30.27049999999999
CCCCCCCC,3.3668000000000022,39.05
NCC1CCCCC1,1.5254000000000003,35.6294
CC(=O)CCCC(O)O,0.056400000000000006,32.75759999999998
COC(O)CCO,-0.6664000000000001,24.718599999999995
CC(O)OCCCCO,0.11379999999999996,33.95259999999999
CC(=O)CCC(N)O,-0.3673000000000002,30.10919999999999
NCCOCCC(O)CO,-1.2949999999999988,37.58299999999999
O=C(CO)C1CCCC1O,-0.29119999999999985,35.44059999999999
COCCCOCCCO,0.42189999999999994,39.0148
CCCCOCCO,0.7953999999999999,32.81279999999998
O=CCCCCCCO,1.1281,36.23479999999999
CCCCCCC(=O)O,2.0414,36.39479999999999
CCCCCCNC,1.7861,38.0687
CC(O)C(CN)CO,-1.0656000000000005,31.31099999999999
NC(=O)CCCCO,-0.3657000000000003,30.13119999999999
OCCCOCC(O)O,-1.3039000000000003,30.747399999999985
NCOCCCCCCO,0.4719000000000001,40.5602
CCC(O)(O)CCCCO,0.23989999999999984,38.3964
NCCCCCN,0.07410000000000017,31.959799999999994
OCCC1CCCC1,1.559,33.66079999999999
CCCCCCCCC,3.7569000000000026,43.667000000000016
CNCCCC(N)=O,-0.5287000000000004,32.35509999999999
CC(O)CCC(O)C(=O)O,-0.40709999999999996,34.557399999999994
CNCC(O)NC(=O)O,-1.2082,31.093999999999994
CCC(=O)CCCCO,1.1281,36.23479999999999
C=C(NC)NC(C)=O,-0.18690000000000007,32.01639999999999
CCCCCCNC,1.7861,38.0687
CC(=O)CCNC(O)O,-1.1767000000000003,31.52629999999999
CC(=O)CCCCCO,1.1281,36.23479999999999
OCCC(O)C(O)CO,-1.9171,30.80219999999999
COC(=O)C1CCNCC1,0.15899999999999986,37.6097
O=CC(=O)CCCC(O)O,-0.7646000000000001,33.14759999999998
CCC(=O)CCCC(O)O,0.44649999999999995,37.374599999999994
CC(N)CNCO,-1.1270000000000002,28.737899999999993
NCC(O)CCO,-1.3116,26.763999999999992
O=C(O)CC(O)CO,-1.1857,25.345399999999994
O=C1CCCCNCCC1,1.1092,40.96170000000001
CCCC(O)C(=O)CCO,0.09889999999999999,37.6246
CCCCCCC(=O)O,2.0414,36.39479999999999
CC(=O)CCCCCO,1.1281,36.23479999999999
CC(O)CCC(O)CCO,-0.10930000000000006,38.6244
CN1CCCCCC1,1.4922,35.96499999999999
*C1CCCC1(O)CO,0.23150000000000004,29.636599999999987
CCCCC(=N)N,1.11257,31.439099999999993
CC(O)(O)CCC(=O)O,-0.4480000000000002,29.71239999999999
CC(O)C1CCCC1,1.5574,33.63879999999999
OC1CCCC(O)C1,0.28220000000000006,30.481599999999986
NCC1CCCCC1O,0.49620000000000003,37.019200000000005
CCCCOCCCO,1.1855,37.42979999999999
*C1CCCCC1N,1.2255,30.19339999999999
COC(O)CC(N)O,-1.3816000000000004,27.826999999999995
CC(O)CCCCO,0.5298,32.61759999999998
O=COC1CCOCC1,0.3383999999999999,30.989999999999988
CCCC(O)CC=O,0.7363999999999999,31.595799999999983
NCCCCCC(=O)CO,0.06690000000000007,39.6152
CCCC(=O)OCCOO,0.8192999999999999,34.44779999999999
CC(O)C1CCC(O)C1,0.5282,35.02859999999999
CC(=O)CCCCCO,1.1281,36.23479999999999
CC(=O)CCC(O)CO,-0.2912,33.00759999999998
OCCCCCCO,0.5313999999999999,32.63959999999998
CCCCCCC,2.976700000000002,34.432999999999986
CC(C=O)CCC(N)=O,0.08689999999999953,33.65639999999999
CCCCOCC(O)O,0.11380000000000001,33.95259999999999
O=CCCCCCC(=O)O,1.2204,36.78479999999999
CCC(C)OCCO,0.7938000000000001,32.79079999999998
CCCOC(O)CCCO,0.5038999999999998,38.5696
OCCCOOC(O)O,-1.4148000000000003,26.965399999999992
OCC1CCCCC1O,0.5298,35.05059999999999
OCCC1C(O)C1OO,-0.7823000000000002,28.70139999999999
NC(O)CCCO,-0.9640000000000002,26.513999999999992
CCCCCCCO,1.9491,35.84479999999999
CC(=O)C(C)CCCN,0.9504,38.13339999999999
O=C1COC1CCO,-0.6633,26.44979999999999
CCC(=O)C1CCCC1O,1.1264999999999998,38.6458
CCC(O)(CO)CO,-0.8879000000000001,29.412399999999987
O=CCC1CC(O)CN1,-0.7018,33.09549999999999
CC(=O)CCCCC=O,1.3347,35.212999999999994
CC(O)C(O)COCCO,-1.2630000000000001,35.5924
NCCCCCCO,0.4978000000000001,34.6082
CCCCCCCN,1.9155,37.81339999999999
*=C(O)CCC(C)O,0.19910000000000005,27.857599999999984
CC1COCCCC1O,0.7938000000000001,35.22379999999999
NCC1OCCCC1O,-0.5150000000000006,34.03519999999999
CCCC(=O)CCCCO,1.5182,40.851800000000004
COC(=O)CCC(O)CO,-0.7072000000000003,34.34259999999999
*CNCCCNC,-0.30769999999999986,31.41339999999999
CCCCC(=O)CN,0.7043999999999995,33.58639999999999
Cc1cccc(O)c(=O)n1,0.4558199999999997,36.90880000000001
CCCC1NC1(O)O,-0.6033,29.00029999999999
OCCCCCCCO,0.9215,37.25659999999999
NC(=O)C(O)CCCO,-1.3949,31.52099999999999
NC1COC1C(O)O,-1.9768000000000001,25.940999999999995
CCCCCCC,2.976700000000002,34.432999999999986
CCCCCC(O)OC,1.5314999999999999,37.157799999999995
CCCC(O)C(C)O,0.5282,32.59559999999998
CCOCCCC(C)O,1.1839,37.4078
CCCCCCCO,1.9491,35.84479999999999
CC1CC1CCC(=O)O,1.5072,34.14079999999999
COC(=O)CCC(C)C,1.5956,36.087999999999994
CCC(O)C(=O)CN,-0.7149000000000005,30.35919999999999
O=CCCCCCCCO,1.5182,40.851800000000004
CCCCCCCCC,3.7569000000000026,43.667000000000016
CC1CC1C(O)CO,-0.0043999999999999595,30.363599999999984
OCCCCCCCCO,1.3115999999999999,41.87360000000001
OCCC(O)C(O)O,-1.9596000000000005,25.93519999999999
OCCCCCOCO,0.1154,33.97459999999999
CC1CCCCC1=O,1.7656,32.63899999999998
CCCCC(O)CN,0.4961999999999996,34.5862
CC(=O)CCCO,0.34790000000000004,27.000799999999987
CCC1CCCC(O)O1,1.2839,35.02179999999999
CC(C)CCCN,1.3813,33.12639999999998
CCCCCCCC,3.3668000000000022,39.05
O=C(CO)C1C(O)CC1O,-1.7105000000000004,32.213399999999986
O=CCC1CCOCC1O,-0.027199999999999835,35.6138
COC1CCCCC1O,0.9362999999999999,35.271799999999985
CCCC(O)CO,0.13970000000000005,28.000599999999988
CNCCNCCCO,-0.8221999999999996,38.4992
*C(=O)CCCCCC,2.0327,33.765999999999984
COC(N)C(O)CO,-1.7291999999999996,28.076999999999995
CCCCCCCCO,2.3392000000000013,40.461800000000004
CC(C)(O)CCO,0.13970000000000005,28.000599999999988
NCCNCCN,-1.506599999999999,30.978499999999997
CC(O)CCOC(O)O,-0.9579000000000002,30.475399999999986
NCCNCCCO,-1.0828999999999995,33.626899999999985
COC(O)C(O)CO,-1.6956,26.108399999999993
NCCNCCO,-1.4729999999999996,29.009899999999995
CCC(=O)CCCO,0.738,31.61779999999998
CCCCNCC,1.396,33.45169999999999
CCCCCC=O,1.7656,30.20599999999998
CC(CCO)CC(=O)O,0.4795999999999999,33.11959999999999
NC1C2CCCC12,0.7435999999999998,28.806399999999993
CCCOC1(O)CCC1,1.2855,35.04379999999999
CCCCCCCC=O,2.5458000000000007,39.440000000000005
CCCC(CO)CCO,0.7773999999999999,37.1866
CCCCC(C)O,1.5574,31.205799999999982
CCCC(O)CCN,0.4961999999999996,34.5862
NC(CCO)CCO,-0.9215000000000002,31.38099999999999
OCCCCCCO,0.5313999999999999,32.63959999999998
CC(N)CCCO,0.1060999999999997,29.96919999999999
COC1CC12CCCC2,1.9655,36.315
CCCCCNC,1.396,33.45169999999999
CCCC(C)N,1.1337,28.55739999999999
OCCC1COCC1O,-0.6239000000000003,32.018599999999985
O=C1C(O)C12c1ccnn12,-1.1163,30.316799999999994
NC(=O)C1=CN=CC1,-0.16990000000000016,30.386400000000002
OCCCCCCO,0.5313999999999999,32.63959999999998
CCCC(O)C(C)C,1.8034,35.75279999999999
CCC(O)(O)CNC,-0.7033000000000005,31.386299999999988
*CCCCCC,2.534300000000001,28.948999999999984
CCC(O)C(O)CO,-0.8895000000000002,29.39039999999999
CNCCCN,-0.4454000000000002,27.598099999999995
COCC(CO)C(=O)OC,-0.5857000000000003,34.46779999999999
NCCCCCCO,0.4978000000000001,34.6082
CCCCCCC,2.976700000000002,34.432999999999986
CCCCCCC(=O)O,2.0414,36.39479999999999
CCC(O)C(C)O,0.1381,27.97859999999999
*C1(C(=O)O)CC1CN,-0.24239999999999984,27.490199999999998
CC(O)CCCCO,0.5298,32.61759999999998
CCCCCCN,1.5254000000000003,33.19639999999999
CC(=O)C1CCCC1,1.7656,32.63899999999998
CC1OCCCC1O,0.5462,30.654799999999987
CCCC(O)CCO,0.5298,32.61759999999998
OCCCCC(O)O,-0.5403000000000002,29.162399999999987
CCOC(O)C(O)OCO,-1.3739000000000001,31.810399999999984
*CCCOCNC,0.5375999999999996,29.302699999999987
OC1CCCOCC1O,-0.4814000000000002,32.06659999999999
CCCCC(O)CC,1.9475,35.822799999999994
CCCCCCCO,1.9491,35.84479999999999
CC(O)CCC(=O)O,0.23199999999999998,28.55059999999999
CCCCCNCCO,0.7584999999999995,39.480500000000006
CC1(C(=O)O)CCCC1,1.6513,34.21079999999999
NCCCNCCN,-1.1164999999999985,35.595499999999994
CCCC(O)CCCCO,1.31,41.85160000000001
CCCCCCCC,3.3668000000000022,39.05
CN(C=O)CCCCO,-0.1529000000000002,35.01379999999999
CCCCCCC,2.976700000000002,34.432999999999986
*C(CCCO)C(C)O,0.4775000000000001,31.75059999999998
O=CCCCC(O)CO,-0.2912000000000001,33.00759999999998
CC(CO)C(N)CO,-1.0656,31.31099999999999
CC(O)CC(O)O,-0.9320000000000002,24.523399999999995
CC(=O)CCCCCN,1.0945,38.203399999999995
CC(O)C(=O)C(O)CO,-1.7105000000000004,29.780399999999986
CCCNC(C)C(C)O,0.7552999999999999,39.4365
CCCOC(C)(O)C(=O)O,0.20610000000000017,34.50259999999999
CC1(C)CCC(O)C1O,0.5282,35.02859999999999
OCCCCCCO,0.5313999999999999,32.63959999999998
CNCCCCN,-0.055300000000000016,32.215099999999985
CCC(=O)NC(=O)CC,0.4492,33.73169999999999
CCCCOCCC,2.2131,36.017999999999994
CCCCOCCCO,1.1855,37.4298
CCCCOC1CC1=O,1.1445,34.27199999999999
CCC(C)CCC(C)=O,2.401700000000001,39.37
CNC(O)CC=O,-0.8868000000000005,25.74749999999999
OCOCCOCOCO,-1.1067,32.027599999999985
CCCC(=O)CC,1.7656,30.20599999999998
CC(O)C1(O)CCCC1,0.6723,35.09859999999999
CCCCCCCC(=O)O,2.4315000000000007,41.01180000000001
OC(O)C(O)C1CCCC1,-0.15180000000000038,36.1904
CCCCCCCC=O,2.5458000000000007,39.440000000000005
NC(O)C1CCNCN1,-1.8274999999999988,34.6046
COCCCCCCCO,1.5756000000000001,42.04680000000001
O=C(O)CCCCCO,0.6236999999999999,33.189599999999984
NC(=O)CCCCC(O)O,-0.6572000000000001,35.888
CCCCC(C)OCO,1.5314999999999999,37.157799999999995
NC(=O)CCCCCO,0.02439999999999959,34.7482
C=C(O)C1CCC(=O)C1,1.4273,34.1168
O=C(CCC(O)CO)OO,-0.8640000000000001,31.04739999999999
OC1CCCC2C(O)C12,0.13809999999999995,32.844599999999986
CCCCCCC,2.976700000000002,34.432999999999986
CC(=O)C(C)CCCO,0.984,36.16479999999999
CCCCCCNC,1.7861,38.0687
COC(=O)CCCCO,0.3219999999999999,32.95279999999998
CC(C)CCC(O)O,0.7332999999999998,32.29759999999998
*CCCCCCO,1.5067,30.360799999999983
NCCOC(CO)C(O)O,-2.3666999999999994,34.105799999999995
OC1CCOCCOC1,-0.2158,32.26179999999999
CNCCNC(=O)O,-0.5266,29.954199999999993
O=COCOCCCCO,-0.09400000000000003,34.28779999999999
CCCCCCC(N)=O,1.4420999999999997,37.9534
NC1CCCC1O,-0.14150000000000013,27.83319999999999
NCC1NC1CN,-1.755799999999999,28.8205
NCC(=O)CC1OC1=O,-1.1703000000000001,28.558399999999995
COC(O)C1CC1C,0.6072,30.286799999999985
CCC(C)CCCO,1.805,35.77479999999999
CC(O)CCCCO,0.5298,32.61759999999998
CC1CCCNC1,1.0059,31.267699999999987
COCCCCCO,0.7953999999999999,32.81279999999998
CCC(O)CCCCO,0.9198999999999999,37.23459999999999
OC1C(O)C2(O)CCCC12,-0.7470000000000006,34.304399999999994
CCCCC(O)CC,1.9475,35.822799999999994
NCC(O)CCNC(=O)O,-1.0362999999999998,35.70569999999999
O=C(O)COCCCO,-0.5299999999999998,30.157599999999988
CC(O)C(O)C(=O)O,-1.1873000000000002,25.323399999999992
*CNC(C)N,-0.6125000000000003,21.652099999999997
CCCCCCCC,3.3668000000000022,39.05
NCCNCCCO,-1.0829,33.6269
OCCCC(O)O,-0.9304000000000001,24.54539999999999
NCC1CCC1O,-0.28399999999999975,27.785199999999993
CNC(=O)C(C)N,-0.9203999999999999,27.716099999999997
CS(=O)CCCCCCO,0.9176,44.48720000000002
CCCCCCC(=O)O,2.0414000000000003,36.3948
CC1CCCCC1=O,1.7656,32.63899999999998
CC1CC(O)COC1C,0.7922,35.2018
CC(O)C(C)CCN,0.3521000000000002,34.516199999999984
CCC(=O)CNC,0.1848999999999999,29.224699999999988
CCCCCCOCC,2.603200000000001,40.635000000000005
CCC(=O)CCCCN,1.0945,38.203399999999995
CC(O)C(=O)C(=O)CO,-1.5023000000000002,28.780599999999993
*C(N)CCCC=O,0.18969999999999976,27.890399999999993
CNCCNC(O)O,-1.936399999999999,30.15499999999999
NCCCCCO,0.10769999999999996,29.99119999999999
CCCCCOCCO,1.1855,37.42979999999999
CCC(O)CCCO,0.5297999999999998,32.61759999999998
CC(O)C(=O)CCCO,-0.29120000000000007,33.00759999999998
CNC(=O)OCCC(=O)O,-0.1828999999999999,32.66049999999999
NCCCCC=O,0.3143,28.96939999999999
CC(O)CCC(O)CO,-0.4994000000000003,34.00739999999999
NC(O)C(O)CCCO,-1.6031,32.520799999999994
CC(CO)C1CCCC1,1.805,38.2078
CC(C)C(N)CO,-0.03800000000000009,29.89919999999999
*CCCNCCO,-0.07400000000000029,29.37949999999999
CC(O)CCOCCO,-0.23380000000000045,34.20259999999999
COC(=O)C12CC1(O)C2O,-1.3449000000000004,30.02259999999999
OCCCCCCC(O)O,0.23989999999999984,38.3964
CCCNCCN,-0.055300000000000016,32.215099999999985
CCOCCCCCN,1.1519000000000001,39.39840000000001
CC(O)CC(O)C(=N)O,-0.3465300000000001,32.660099999999986
O=C(O)OC1CCCCC1,2.0137,35.9828
CCCCCCCO,1.9491,35.84479999999999
COC(=O)C1CCOC1,0.19589999999999996,30.941999999999986
CCCCCCC(=O)O,2.0414,36.39479999999999
CC1(C)CCCCC1,2.976700000000002,36.86599999999999
NC(O)C12CCC1C2,0.06359999999999966,29.968199999999992
OCCCCCCCO,0.9215,37.25659999999999
CCCCCCCC,3.3668000000000022,39.05
COC(=O)C1CC1C(=O)O,-0.11990000000000017,31.248799999999985
CCCCCCC,2.976700000000002,34.432999999999986
COC(=O)CCCCCN,0.6785,39.538399999999996
CCC1CC1OC,1.4313,29.194999999999983
COC(=O)CCOC(O)O,-1.1657000000000002,30.810599999999987
CCCCCCO,1.559,31.22779999999998
O=C(O)C(O)OCCO,-1.6017000000000003,26.68039999999999
CCC(=O)CCCCCO,1.5182,40.851800000000004
O=C(O)C1CCCCC1,1.6513,34.21079999999999
CCCCCN,1.1353000000000002,28.579399999999985
O=C(CO)CCCC(O)O,-0.9712000000000001,34.16939999999999
CNCCCCN,-0.055300000000000016,32.215099999999985
CCC(N)CNCCO,-0.6944000000000004,38.221900000000005
CC(C)CCCCO,1.8050000000000002,35.77479999999999
O=COCCCCCCO,0.7121,37.569799999999994
CCC(=O)OCC(C)O,0.3204000000000001,32.930799999999984
CC(O)CCCC(O)O,-0.1518,33.75739999999999
OCCCCCCO,0.5313999999999999,32.63959999999998
*CCCCC[SH](C)O,2.2283,41.063800000000015
NCOCCC(O)C(=O)O,-1.2452000000000005,33.26599999999999
*CCCCCCN,1.4731000000000003,32.32939999999999
COC(=O)C1CC12CC2,0.9594999999999999,31.789999999999985
OC1CCC2C3CC(O)C123,0.13809999999999995,35.27759999999999
CCCCCCC(=O)O,2.0414000000000003,36.3948
CCC(=O)C1CC1C,1.6215,32.56899999999998
CC(=O)C1(C)CCCC1,2.1557000000000004,37.25599999999999
CCC1NC1CN,-0.3045000000000002,30.05709999999999
COCCC(O)NCO,-1.1193,32.72129999999999
NCCCCCCO,0.4978000000000001,34.6082
CCC(C)C(=O)OC,1.2055,31.470999999999982
COC(=O)CCCC(=O)O,0.41429999999999995,33.502799999999986
COCC(=O)CCCO,-0.02560000000000001,33.20279999999998
CCCCCCC=O,2.1557000000000004,34.822999999999986
COC(CO)CCC(O)O,-0.9154000000000002,35.34239999999999
NCC(=O)CCNC(=O)O,-0.8281000000000005,34.70589999999999
COCCC(O)C(C)O,-0.23540000000000016,34.18059999999999
CCC(=O)CCCCN,1.0945,38.2034
CCCCC(=O)O,1.2612,27.160799999999988
NC(=O)NC1CCOC1,-0.5564000000000002,31.943099999999994
CNC(=O)CCCN,-0.5286999999999995,32.35509999999999
OCCCCCCCO,0.9215,37.25659999999999
CCCC(O)COCO,0.11380000000000001,33.95259999999999
NCC(O)C1CCNC1,-1.0844999999999998,36.03790000000001
OCOCCC1CC1O,-0.2763,31.768599999999985
CCCCCCO,1.559,31.22779999999998
CCCCCCCCO,2.3392000000000013,40.461800000000004
CC(CO)CCCCCO,1.1675,41.8036
COC(O)CCCO,-0.2763,29.335599999999985
OCC1CCCCO1,0.5478000000000001,30.676799999999986
O=C1CCCCCCCO1,1.8838000000000001,38.661
O=C(COCCCF)OO,0.3788,30.13179999999999
CCCC(O)CN,0.1061000000000002,29.96919999999999
CCC(N)C(O)C=O,-0.7165000000000001,30.337199999999992
CCC(O)CC(C)CO,0.7758,37.16459999999999
OCCCOCCCO,-0.23220000000000013,34.22459999999999
COCCCCCCCO,1.5756000000000001,42.04680000000001
O=CCCCCO,0.34790000000000004,27.000799999999987
COC(=O)CCC(O)OO,-0.25240000000000024,30.970599999999987
CC(=O)CCCCC=O,1.3347,35.212999999999994
CCCC(O)C(O)C=O,-0.2928000000000004,32.985599999999984
NCCCCCO,0.10769999999999996,29.99119999999999
CCCCCC(C)O,1.9475,35.822799999999994
CCCC(O)CCO,0.5298,32.61759999999998
CC(O)CC1CC(O)C1,0.5282,35.02859999999999
OC1CCCCOC1O,-0.13379999999999986,31.816599999999987
CC(O)C12CC1CCO2,0.5462,33.087799999999994
OC1CCCCCC1,1.7015,33.70879999999999
CCCCC(C)CCC,3.6128000000000027,43.59700000000001
CCCCCOCO,1.143,32.56279999999998
*C1CC1C(O)C(=O)O,-0.21040000000000014,25.499599999999994
COC(=O)CC(O)CO,-1.0973000000000002,29.725599999999986
NC(=O)CCCCC(O)O,-0.6572000000000001,35.888
CC(=O)NCCCO,-0.4951000000000001,30.386499999999987
CC(C)C(O)C(O)CO,-0.6435000000000002,33.93739999999999
CCCC(O)NC(N)O,-1.0709,34.244699999999995
COC(C)CCCO,0.7938000000000001,32.79079999999998
COC(=O)CCCCO,0.3219999999999999,32.95279999999998
NC(O)C1CC1C=O,-0.9015000000000002,27.855199999999993
CC(N)CC(N)CO,-0.9566999999999999,33.3276
CCCCCCCC(=O)O,2.4315000000000007,41.01180000000001
O=C(O)C(O)CC(O)O,-1.8673000000000002,26.485199999999992
CCCCCC(=O)O,1.6513,31.77779999999998
CC(O)CCCCO,0.5298,32.61759999999998
NCCOC(O)C(O)O,-2.4092,29.238799999999994
CCC(O)C(C)O,0.1381,27.97859999999999
CCCC(=O)C(C)OC,1.3905,36.385999999999996
COC(=O)OCC(C)O,0.15019999999999994,30.037799999999987
CCC(=O)C(O)CC,0.7363999999999999,31.595799999999983
CCCCOCCOC,1.4495,37.603
O=C1CNCC1CCCO,-0.4526000000000001,37.686499999999995
OCC1CCCC1(O)CO,-0.49779999999999996,36.462399999999995
CCC(=O)CCC(C)O,1.1264999999999998,36.212799999999994
CCCCCCC(C)O,2.3376,40.439800000000005
COCCOCCCO,0.03179999999999983,34.39779999999999
CC(=O)CCC(=O)O,0.44019999999999987,27.550799999999988
CCC(=O)C(O)C(O)CN,-1.3539999999999996,36.36599999999999
CCCCCCC(=O)O,2.0414000000000003,36.3948
CC1CC(O)OCC1=O,-0.06970000000000004,30.746799999999986
COC=CCC(O)C(=O)O,-0.017900000000000027,34.408599999999986
COC(C)CCCO,0.7938000000000001,32.79079999999998
CCCCCCCO,1.9491,35.84479999999999
NC1CNCC1O,-1.7221999999999993,26.851899999999997
CNCCCCN,-0.055300000000000016,32.215099999999985
NCCC(N)O,-1.3877000000000002,23.865599999999997
CC(O)CCOCCO,-0.23380000000000045,34.20259999999999
CCOC(O)CCCCO,0.5039,38.5696
CCCCCC(C)O,1.9475,35.822799999999994
NC(O)CCCO,-0.9640000000000002,26.513999999999992
COCCCCC(O)O,0.11380000000000012,33.95259999999999
CC1C2CC2C1(C)N,0.9895999999999998,33.35339999999999
OCCCCC(O)CO,-0.49779999999999996,34.02939999999999
O=C1OC1CCCCO,0.07439999999999997,30.816799999999986
O=C(O)CCCCO,0.23359999999999997,28.572599999999987
CCCCCCC(=O)O,2.0414,36.39479999999999
COC(=O)C(O)CO,-1.4874,25.108599999999992
NC(=O)C1CCCCN1,-0.38620000000000027,34.836099999999995
CC(CO)CCCCO,0.7773999999999999,37.18659999999999
CCCCCOCCCO,1.5756,42.04680000000001
O=C(O)CC(=O)OCCO,-1.0034,30.29759999999999
NCCCCCO,0.10769999999999996,29.99119999999999
OC1(O)CCCCC1,0.6314,30.253599999999985
NC(CO)CCO,-1.3116,26.763999999999992
CCC1CCCC1=O,1.7656,32.63899999999998
COC1CCCCC1O,0.9362999999999999,35.271799999999985
OCCC1COCCO1,-0.2158000000000002,32.26179999999999
CCCNCCCCO,0.7585,39.480500000000006
CNC(N)C(C)O,-1.1285999999999994,28.715899999999994
NC(=O)CCCCCO,0.02439999999999959,34.7482
CC(O)C1CC1O,-0.252,25.794599999999992
CCCCC(O)C=O,0.7363999999999999,31.595799999999983
CC(=O)CCC=O,0.5545,25.97899999999999
CCCCCNC,1.396,33.45169999999999
CCCCCCCOCC,2.9933000000000014,45.25200000000002
NC(=O)C1*CCCC1,0.9473999999999998,31.602399999999992
CCCCCC,2.5866000000000007,29.81599999999998
CCCCCCC(C)O,2.3376,40.439800000000005
NCC(N)CC=O,-1.1386000000000003,27.7108
CCCCCCCO,1.9491,35.84479999999999
CC(C)CCCO,1.4149,31.15779999999998
CCCOCCCCO,1.1855,37.42979999999999
CCCCC(O)C(O)CC,1.3083999999999998,41.829600000000006
NCCCCCO,0.10769999999999996,29.99119999999999
OCCC1*NCC1,0.1505999999999999,28.072499999999987
CCCCCCC,2.976700000000002,34.432999999999986
COC(=O)OCCCCO,0.5419,34.67679999999999
CCC(N)CC(O)C=O,-0.3264000000000002,34.9542
CCCCCCO,1.559,31.22779999999998
CCCCC(O)CN,0.49619999999999953,34.5862
*C(=O)NCCNC,-0.5352999999999999,27.325399999999995
CCCCOCCC,2.2131,36.017999999999994
O=CCCCCCO,0.738,31.61779999999998
OCCCC1CCCC1,1.9491,38.2778
CCCC1CCCCC1=O,2.5458000000000007,41.87300000000001
CCC1CCCC(=O)O1,1.4921,34.02199999999999
OOC(O)C12CCCC1C2,0.9846000000000001,34.11159999999999
CCC(=O)OCC(=O)OC,0.11260000000000003,33.26599999999999
OCCCCCOCCO,0.15789999999999976,38.8416
NCCCCC1COC1,0.7618,37.214400000000005
CC(O)CC(N)=O,-0.7574000000000005,25.492199999999993
O=CCCCC(=O)O,0.4402000000000001,27.55079999999999
COC(C)CCCCO,1.1839,37.407799999999995
CCC(C)C(C)O,1.4133,31.135799999999982
NCCCCCN,0.07410000000000017,31.959799999999994
OCCCCCCCO,0.9215,37.25659999999999
CCCCCNC,1.396,33.45169999999999
CCC(=O)CCCCO,1.1281,36.23479999999999
CCCCC(O)CC,1.9475,35.822799999999994
CC(O)CCCCO,0.5298,32.61759999999998
CC(O)CCCOOCO,0.04539999999999994,35.03759999999999
CCCCC(O)CCC,2.3376,40.439800000000005
CCCC(O)CCO,0.5298,32.61759999999998
CC1C(CO)C1C(N)=O,-0.6539000000000001,32.42419999999999
CNCCNCCO,-1.2122999999999993,33.88219999999999
CC(O)(F)C(=O)OCO,-0.8426,24.90959999999999
CCCCCCCC,3.3668000000000022,39.05
CCCOCCCCCO,1.5756000000000001,42.04680000000001
CCCCCNC,1.396,33.45169999999999
CC1CCCC(=O)O1,1.1019999999999999,29.404999999999987
OCC(O)CCC(O)CO,-1.5270000000000001,35.41919999999999
O=CCCCCCCCO,1.5182,40.851800000000004
O=C(O)C1CCCCC1O,0.6221000000000001,35.60059999999999
OC1CCCCOCCN1,0.09489999999999982,38.679500000000004
CC(O)C(C)CCCO,0.7758,37.16459999999999
CCCCCNCC,1.7861,38.0687
COC(=O)CC(=O)C(C)O,-0.5006000000000002,33.320799999999984
CCCOCCCCO,1.1855,37.4298
CCCC(N)CN,0.07249999999999934,31.937799999999996
CCCCC(C)O,1.5574,31.205799999999982
CNCNCCO,-1.2547999999999995,29.01519999999999
OCCOC(O)OCO,-1.7624000000000002,27.215399999999992
COC(=O)CCCO,-0.0681000000000001,28.335799999999985
OC1CCCCOCC1,0.9379,35.2938
COOCCOCCC=O,0.16999999999999993,34.46099999999999
CC(O)CCCCO,0.5298,32.61759999999998
COCCC1(O)CCOC1,0.1742999999999999,36.8788
CCCCCN,1.1353,28.57939999999999
CC1CCC2C3CCOC132,1.8214,38.678000000000004
OCCC1CCC(O)C1,0.5298,35.05059999999999
CCCCC1CC1CO,1.805,38.2078
CCCCCCO,1.559,31.22779999999998
CNC1CCCCC1,1.5385,35.9327
NCC1CCC1O,-0.28399999999999975,27.785199999999993
CCC(=O)C(C)O,0.3462999999999999,26.978799999999985
CC1CCC2C3CCCC132,2.832600000000001,41.66200000000001
CC(=O)C(N)CCN,-0.748499999999999,32.327799999999996
CCC(O)CC(=O)OC,0.32039999999999985,32.930799999999984
CC(C)C(O)C(O)CO,-0.6435,33.93739999999999
NCCCCCO,0.10769999999999996,29.99119999999999
CCOCCCCO,0.7953999999999999,32.81279999999998
CCCCCC(=O)CC,2.5458000000000007,39.440000000000005
OCCCCCCCO,0.9215,37.25659999999999
COCCCCCCO,1.1855,37.42979999999999
OCCCCCCO,0.5313999999999999,32.63959999999998
*CCCC(C)C,2.3902,28.878999999999984
CC1OC1OCCCO,0.13019999999999987,31.98979999999998
CCCCCCCC(=O)O,2.4315000000000007,41.01180000000001
CCCCCN,1.1353,28.57939999999999
CCC(=O)CCN,0.31430000000000013,28.96939999999999
CC1CCCC(=O)C1O,0.7363999999999999,34.02879999999999
COC1OC12CCCC2,1.3019,33.08099999999999
CCCC(O)CC,1.5574,31.205799999999982
CCCCC(=O)CCO,1.1281,36.23479999999999
NC(=O)C1(N)CCN=N1,-1.0174000000000003,30.452800000000003
OCC(O)C12CC1CCO2,-0.48140000000000005,34.499599999999994
CNCC(O)OCO,-1.5094,28.10429999999999
*CNCCC(C)O,-0.14630000000000004,29.16749999999999
CCCCC(O)CCO,0.9198999999999999,37.23459999999999
CCCCCCC(=O)OO,1.973,37.4798
CCCCCCCCO,2.3392000000000013,40.461800000000004
OCCCCCCCO,0.9215,37.25659999999999
CCCCCC(O)O,0.8774,32.36759999999998
COC(=O)CCC(=O)CO,-0.4990000000000003,33.34279999999998
COC(=O)CC(C)O,-0.06970000000000015,28.313799999999986
CC(O)CCCO,0.13970000000000005,28.000599999999988
CCCCC(O)CCO,0.9198999999999999,37.23459999999999
COCCCCCO,0.7953999999999999,32.81279999999998
OCCCCCCCO,0.9215,37.25659999999999
CCCCCCCOC,2.603200000000001,40.635000000000005
OCCCCC1CC1O,0.5298,35.05059999999999
CC(C)C1CCCOC1,2.069,38.381
CCC1CCCC1,2.5866000000000007,32.24899999999998
CC(=O)C(O)CC(C)O,-0.29279999999999995,32.985599999999984
NCCCNCCO,-1.0828999999999995,33.626899999999985
NCCNCCN,-1.506599999999999,30.978499999999997
OCCCCCOCCO,0.15789999999999976,38.8416
CCC1CC1OCO,0.7513000000000001,30.356799999999982
OCCCOCC(O)CO,-1.2613999999999999,35.614399999999996
CCCCC(C=O)OC,1.3905,36.385999999999996
OCCCOCCCO,-0.23220000000000013,34.22459999999999
COCCCCCCO,1.1855,37.42979999999999
CCCOC(O)C(C)O,0.11219999999999986,33.93059999999999
CCCCCCNC,1.7861,38.0687
CCCCCCOCN,1.4994999999999998,39.148399999999995
NCCOCCCC(=O)O,-0.17350000000000027,36.743199999999995
O=C1CCCc2cccn21,1.4646,37.99650000000001
CC1COCC(=O)C1O,-0.4173000000000002,30.996799999999986
NC(=O)C1CCC(O)C1,-0.3673000000000006,32.542199999999994
CCCCCCC=O,2.1557000000000004,34.822999999999986
CCCNC(C)NC=O,0.07799999999999968,36.95539999999999
CCCNCC(=O)O,0.0706,30.796499999999988
C=C(CCCCOC)OC,1.9631999999999998,41.87600000000001
COC(=O)CCCC(O)O,-0.35960000000000025,34.09259999999999
CC(O)C12CCCC1C2,1.5574,36.071799999999996
O=CCCCC(=O)CO,-0.08299999999999996,32.00779999999999
OCCCCCCO,0.5313999999999999,32.63959999999998
NCCCCCCO,0.4978000000000001,34.6082
CCCOCCCC=O,1.3921,36.407999999999994
CC(=O)CCCC=O,0.9446,30.595999999999986
CCCCCC(O)O,0.8774,32.36759999999998
CCC1CCCOC1O,1.1414,34.97379999999999
CC(O)CC(N)O,-0.9656000000000005,26.49199999999999
CN1CC1CN,-0.7408999999999997,25.472399999999993
COC(=O)CC(=O)CCO,-0.49899999999999983,33.34279999999998
NC(=O)C1CC1CO,-0.8999000000000001,27.87719999999999
C[SH](=O)(O)CCCCO,-0.1216000000000001,39.27700000000001
COCCCOCCCO,0.4219,39.0148
CCCCCC(N)=O,1.0519999999999996,33.33639999999999
COC(C)NC(=O)O,0.24640000000000017,27.63149999999999
OCC12OCCC1O2,-0.5059,25.25879999999999
CCCCC(C)C,2.832600000000001,34.362999999999985
CC(C)CCOCO,0.9988999999999999,32.49279999999998
NCCCC(O)CO,-0.9214999999999998,31.38099999999999
CC(C=O)COCCO,-0.1696999999999999,33.13279999999999
O=CCCCCC(O)O,0.056399999999999784,32.75759999999998
OCCC1COCCO1,-0.2158000000000002,32.26179999999999
NCC1CCCCC1,1.5254000000000003,35.6294
CNCCCCO,-0.02170000000000022,30.246499999999987
NC(O)CC1CCCO1,-0.16740000000000022,33.785199999999996
CCCCCC(=O)CC,2.5458000000000007,39.440000000000005
OC1CCC2CCCC12,1.5574,36.071799999999996
CCCCCCC=O,2.1557000000000004,34.822999999999986
CCCC(O)C(=O)OC,0.32039999999999985,32.930799999999984
CC(O)C1(CCCO)CO1,-0.0913000000000001,36.6836
CC1CCC(=O)CC1O,0.7363999999999999,34.02879999999999
O=C(O)CCCC1CC1,1.6513,34.21079999999999
NCC1COCCO1,-0.6395000000000002,29.61339999999999
CNC(=O)C(C)O,-0.8868000000000003,25.74749999999999
CCC(=O)CCC(C)O,1.1264999999999998,36.212799999999994
CCC(O)CCC(=O)OC,0.7104999999999999,37.5478
COC1CCCC1=O,0.7544,29.654999999999987
O=C(O)C1CCCCC1,1.6513,34.21079999999999
CCCC(O)CC(C)O,0.9182999999999999,37.212599999999995
NC(=O)CCC(=O)NO,-1.2427,28.357599999999998
OCCCCOCCO,-0.23220000000000013,34.22459999999999
CCCC(C)CCCCO,2.5852000000000017,45.008800000000015
CCCCCCCCO,2.3392000000000013,40.461800000000004
CCCCCC(=O)CC,2.5458000000000007,39.440000000000005
CCC(=O)CCC(O)CO,0.09889999999999999,37.624599999999994
CCCC(C)C(C)O,1.8034,35.75279999999999
CCC(O)C(O)O,-0.9320000000000004,24.52339999999999
CCCCCCN,1.5254000000000003,33.19639999999999
OCCCOCCCO,-0.23220000000000013,34.22459999999999
O=CCOCCCCCO,0.3645,37.8198
CCCOCCCCO,1.1855,37.42979999999999
CCCCC(C)C,2.832600000000001,34.362999999999985
NC(=O)C1CCCCN1,-0.38620000000000027,34.836099999999995
NC1CCCCC1,1.2778,31.06039999999999
OCCCCOC(O)O,-0.9563000000000001,30.497399999999985
CCC(=O)CCCO,0.738,31.61779999999998
CCCCOCCC,2.2131,36.017999999999994
CCCCCC(N)=O,1.0519999999999996,33.33639999999999
OCCCCCCO,0.5313999999999999,32.63959999999998
CNCCNCN,-1.2883999999999989,30.983799999999995
CCCCCCC(O)O,1.2674999999999998,36.98459999999999
O=CCCC1CCCC1O,1.1264999999999998,38.6458
OC(O)C1C2CCCC21,0.34319999999999995,32.546599999999984
CC1CNCCOC1,0.24230000000000002,32.852699999999984
CCCCCCCC,3.3668000000000022,39.05
CCC(=O)CCCC(O)O,0.44649999999999995,37.374599999999994
COCCCCCO,0.7953999999999999,32.81279999999998
CCCCCCO,1.559,31.22779999999998
CCCCCCC(O)O,1.2674999999999998,36.98459999999999
*CCCC(N)N,-0.022300000000000653,26.203799999999994
COC1OC1CCCO,0.13020000000000004,31.98979999999998
CC(O)C(O)CC1OC1=O,-0.9563999999999999,32.18459999999999
OCC1CCC(O)C1,0.1397,30.433599999999984
NC1CCCC(O)C1=O,-0.5724000000000002,32.840199999999996
CCCOCOCCO,0.37939999999999996,34.14779999999999
CCCCCCCCO,2.3392000000000013,40.461800000000004
CCOCCOCCCO,0.4219,39.0148
CCCC(=O)CCO,0.738,31.61779999999998
CCC(N)CCCN,0.4626,36.55479999999999
CCCCCCCC,3.3668000000000022,39.05
CC(O)C(O)C(O)O,-1.9612000000000003,25.913199999999993
CCCOCCCCO,1.1855,37.4298
CCCCOCCC(O)O,0.5039,38.5696
CNC(CO)C(O)O,-2.1226,28.15909999999999
CCCCCC(O)CCO,1.31,41.851600000000005
CC(O)C(O)CCCC=O,0.09729999999999994,37.6026
CC1CCCCC1O,1.5574,33.63879999999999
O=CCC(=O)COCCO,-0.8465999999999998,33.59279999999999
CNCCCCCCO,0.7585,39.4805
CCCCC(O)OC(=O)O,1.1896,34.64159999999998
COCC(O)CCCCO,0.15629999999999994,38.8196
CCCCC1CC1O,1.5574,33.63879999999999
O=CCCCCCCO,1.1281,36.23479999999999
NCCCCCO,0.10769999999999996,29.99119999999999
CCCCCC(O)CCO,1.31,41.851600000000005
CCCCCCCC(C)=O,2.935900000000001,44.057000000000016
COC(O)CCCO,-0.2763000000000002,29.335599999999985
CCCCCCCO,1.9491,35.84479999999999
COC(=O)CCC(O)O,-0.7497000000000001,29.475599999999986
CCCC(O)CC,1.5574,31.205799999999982
CC(N)CCCCCCO,1.2764,43.82020000000001
O=C(O)C12C=CN=C1N2,-0.6612,30.077499999999997
CCCC(C)CC,2.832600000000001,34.362999999999985
CCCCCN,1.1353000000000002,28.579399999999985
O=C1CCCCOCC1O,0.11689999999999995,35.6838
CC(O)C(C)CO,-0.0044000000000000705,27.930599999999988
CCCCNC(N)O,-0.3892999999999999,33.10489999999999
CCCCCCC=O,2.1557000000000004,34.822999999999986
CCCCCCCCO,2.3392000000000013,40.461800000000004
CCCNCCN,-0.055300000000000016,32.215099999999985
CCC1CCCCC1,2.976700000000002,36.86599999999999
CCC(CO)CC(C)O,0.7758,37.16459999999999
CCCCCN,1.1353,28.57939999999999
CC1CNC1N,-0.4895,25.1421
CCC1CCCC1O,1.5574,33.63879999999999
CC1CCCCCOC1,2.2131,38.451
OCCOCCCOCO,-0.6482000000000001,35.559599999999996
COC12C=CCCN1C2,0.6046,35.06999999999999
CC(O)CCCCOO,1.0271000000000001,34.112599999999986
OCCCC1CC1O,0.1397,30.433599999999984
O=C(O)CCCCCO,0.6236999999999999,33.189599999999984
CC(O)C(=O)CC1OC1C,0.11369999999999991,35.6398
CC(CCO)CC(O)O,-0.29430000000000023,33.70939999999999
NCC(O)CCCO,-0.9215000000000002,31.38099999999999
CC(O)CCCO,0.13970000000000005,28.000599999999988
CNCCCC(=O)OC,0.15899999999999986,35.1767
CCCCOC(O)C(O)O,-0.5677999999999999,35.09239999999999
O=C(O)C1(O)CC2CC21,-0.15810000000000013,28.79959999999999
CCCCC1CCCO1,2.355600000000001,38.499
CCC(O)C(O)C(=O)OO,-0.8655999999999999,31.025399999999987
CCCCC(O)CC(=O)O,1.0122,37.78459999999999
COC(=O)CCCC(=O)O,0.41429999999999995,33.502799999999986
CCCCCCN,1.5254000000000003,33.19639999999999
CCCCC(N)O,0.45369999999999977,29.71919999999999
OCCCOCCOCO,-0.6482000000000001,35.559599999999996
O=S(=O)(O)CCCOCO,-0.7692999999999999,34.07039999999999
CCCCCCCO,1.9491,35.84479999999999
CCC(CO)CCO,0.38730000000000003,32.56959999999999
CC(=O)CCCCCO,1.1281,36.23479999999999
CCCCC(=O)OC,1.3496,31.540999999999983
CCC(=O)OCC(O)O,-0.7496999999999999,29.475599999999986
CCCCC(C)C(=O)OC,1.9857,40.705000000000005
OCCCOCCO,-0.6223000000000001,29.607599999999984
CC1CC(O)NC1O,-0.7474000000000003,28.93029999999999
NCCCCCO,0.10769999999999996,29.99119999999999
CCCCCCC=O,2.1557000000000004,34.822999999999986
CCCC(O)CC(=O)O,0.6221,33.167599999999986
CCCCCN(C)C,1.7382,38.07899999999999
CC(=O)CCCCCO,1.1281,36.23479999999999
CCOCCC(O)CC,1.1839,37.4078
CCCCC(O)CC,1.9475,35.822799999999994
NCCCCNC(=O)CO,-1.166199999999999,38.3839
CC(O)CC1CC1CO,0.3857,34.98059999999999
NCCCCCCO,0.49780000000000013,34.60819999999998
O=C1CCCCCCCO1,1.8838000000000001,38.661
CCCC(O)CCO,0.5298,32.61759999999998
CCC1(O)CCCC1,1.7015,33.70879999999999
OCCCCOCCO,-0.23220000000000013,34.22459999999999
CC1CCC1C=O,1.2314,27.951999999999984
CCCCCC(O)CO,0.9198999999999999,37.23459999999999
CCC(=O)CCCC(=O)O,1.2204,36.78479999999999
NC(=O)CCCCC=O,0.23099999999999965,33.72639999999999
NCCCCCCCO,0.8879000000000001,39.22520000000001
CCCCNC(=O)CC,1.3127,38.2087
OC(O)C1CCCCO1,-0.13380000000000014,31.816599999999987
*C(C)CCCCO,1.5067,30.360799999999983
CC(C=O)COC(C)O,0.17629999999999985,32.86079999999998
CC(C)CCCC(=O)O,1.8973,36.32479999999999
CC(C)CCCC=O,2.0116,34.752999999999986
NCC(O)OCCOOO,-1.2987000000000002,30.678999999999995
CC(=O)CN1C(C)C1CO,-0.35960000000000014,37.7228
CC1C2CC12CN,0.6011000000000002,28.75839999999999
CCCCNC(=O)O,1.0541,30.935499999999987
CNCCCCCN,0.3347999999999999,36.83209999999999
NCNCCCC(=O)CO,-1.1661999999999986,38.38389999999999
CCCCCC(O)O,0.8774,32.36759999999998
CCCCCCC(C)=O,2.5458000000000007,39.440000000000005
CCCC(O)CN,0.1061000000000002,29.96919999999999
COC(=O)C(C)CCO,0.1778999999999999,32.88279999999998
OCCCCOCCCO,0.15789999999999976,38.8416
CC(C)CCCCCO,2.1951000000000005,40.3918
CCCCCCC(=O)O,2.0414,36.39479999999999
CCC(=O)CCCC=O,1.3347,35.212999999999994
CCCCCCCO,1.9491,35.84479999999999
CCC1COC(O)OC1,0.3353,31.691799999999986
OC1CCCCC1O,0.28220000000000006,30.481599999999986
CCCNCCN,-0.055300000000000016,32.215099999999985
NCC(O)(O)CCO,-1.9916,27.925799999999995
CNC(=O)C(O)CCO,-1.5243,31.77629999999999
CCCCNCCC,1.7861,38.0687
COC1CC1C(=O)CO,-0.4173000000000002,30.996799999999986
NCCC(O)CO,-1.3116,26.763999999999996
CC(O)NCC1CC1O,-0.7049000000000003,33.79729999999999
CC(CO)C(O)C(O)O,-1.7136,30.482199999999988
CC1OC1(O)CCO,-0.5239,27.19959999999999
CC(=O)C1N=C(C)NN1,-0.5723,33.849399999999996
CCCCCCCCO,2.3392000000000013,40.461800000000004
NCCCNCCCO,-0.6928000000000001,38.24390000000001
CCCC(O)CCCO,0.9198999999999999,37.23459999999999
CCCCCCC(O)C=O,1.5166,40.829800000000006
CCCCCC(C)=O,2.1557000000000004,34.822999999999986
CC(CCO)C(N)O,-0.7180000000000002,31.06099999999999
CCCCC(C)O,1.5574,31.205799999999982
NCCCCCO,0.10769999999999996,29.99119999999999
CCCCCCN,1.5254000000000003,33.19639999999999
O=C(O)C1CCCCC1=O,0.8303,34.6008
O=C1CCCCCC1O,0.8805000000000001,34.09879999999999
CC1CCOC2CC12,1.4313,31.627999999999986
CCCCCCC,2.976700000000002,34.432999999999986
CC1CCCCNC1,1.396,35.88469999999999
CCCCCCOC=O,1.7397,36.157999999999994
CC1CCCCC1,2.5866000000000007,32.24899999999998
CNC(=O)NC=O,-0.9282000000000001,23.655399999999997
CCCC(O)CCO,0.5298,32.61759999999998
O=C(O)CCCC(O)CO,-0.4055000000000001,34.57939999999999
CNCNCCN,-1.2883999999999995,30.983799999999995
CC1OC(=O)NCC1O,-0.5244000000000002,29.95249999999999
CCCCCCCN,1.9155000000000002,37.8134
O=C(CO)CCCCCO,0.10050000000000009,37.6466
CCCCCOCC=O,1.3921,36.407999999999994
NCC1CCCC1,1.1353000000000002,31.01239999999999
CNCCCC(N)O,-0.7369000000000001,33.3549
CCC(=O)C1CC12CO2,0.7544,32.08799999999999
NC1CCCCC1C(=O)O,0.5885000000000001,37.569199999999995
O=C(O)C(O)CCO,-1.1857,25.345399999999994
NC(O)CCCCO,-0.5739000000000003,31.13099999999999
CCCCCCOC=O,1.7397,36.157999999999994
NC(=O)C1CCNC1,-0.9188000000000003,30.171099999999996
CCCCC(O)CO,0.5298,32.61759999999998
CCC(=O)CCC(O)CO,0.09889999999999999,37.624599999999994
CC(CO)CCCC=O,0.984,36.16479999999999
CCC(O)C(O)OC,-0.27790000000000004,29.313599999999987
CC(CO)CCCO,0.38730000000000003,32.56959999999999
O=C(O)C1CCCCC1,1.6513,34.21079999999999
CC(C)CC(C)O,1.4133,31.135799999999982
OCOCCCC(O)CO,-0.9138,35.36439999999999
CC(O)CC(O)O,-0.9320000000000002,24.523399999999995
CCCCCCNC,1.7861,38.0687
CCCCC(C)O,1.5574,31.205799999999982
CCC(O)NCCN,-0.7369000000000003,33.3549
CCCCC(C)C,2.832600000000001,34.362999999999985
COC(CN)CCO,-0.6575000000000002,31.55419999999999
CC(C)CCCCO,1.8050000000000002,35.77479999999999
O=C1CCCCCCCO1,1.8838000000000001,38.661
CCCCCNC,1.396,33.45169999999999
COC12C=CCOC1O2,0.27180000000000004,29.70499999999999
CCCCCCCO,1.9491,35.84479999999999
CCCCCCC,2.976700000000002,34.432999999999986
CCCCCC(O)O,0.8774,32.36759999999998
CCCCOCCC=O,1.3921,36.407999999999994
NC(=O)CCCC(O)CO,-1.0048000000000006,36.138
CC(CC=O)CCCO,0.984,36.16479999999999
CCCC(O)CC(O)O,-0.1518,33.75739999999999
CC(O)CCCO,0.13970000000000005,28.000599999999988
O=C1CCCCCC1,1.9097,32.70899999999998
OC(O)C1CCCCC1,0.8774,34.80059999999999
CCOCC(O)CO,-0.6238999999999999,29.585599999999985
CC(=O)COC1CC1O,-0.2748000000000001,31.044799999999988
CC(N)CNC(=O)O,-0.39880000000000004,29.676899999999996
NCC12CC1CCO2,0.12409999999999966,30.461399999999994
CC(O)(CO)CCCO,-0.4977999999999999,34.02939999999999
CCCCCCC(O)O,1.2674999999999998,36.98459999999999
CCCC(O)CC,1.5574,31.205799999999982
CCCC(O)CC,1.5574,31.205799999999982
NC(CCCCO)C(=O)O,-0.43910000000000055,36.547999999999995
OCCCCCCO,0.5313999999999999,32.63959999999998
OCCCCOCCCO,0.15789999999999976,38.8416
CNCCC(=O)CCO,-0.45260000000000006,35.253499999999995
CNCOCC(O)O,-1.5094,28.10429999999999
NCCCCCCN,0.46420000000000006,36.57679999999999
NCCCCCO,0.10769999999999996,29.99119999999999
CCC(=O)C1CC1C,1.6215,32.56899999999998
CCCCCCCN,1.9155000000000002,37.8134
CCCCCC(C)=O,2.1557000000000004,34.822999999999986
OCCOCCC(O)O,-1.3039000000000003,30.747399999999985
CCN(CCO)[SH](C)C=O,0.036799999999999944,45.993300000000026
CC(=O)C(O)CC=O,-0.4747000000000001,27.36879999999999
CCCCC(=O)CN,0.7043999999999995,33.58639999999999
*COCCCC(N)O,-0.4329000000000003,30.247199999999992
COC12CCCC1C2,1.5754000000000001,31.697999999999983
NCCCCCO,0.10769999999999996,29.99119999999999
CC(O)C(CO)CO,-1.0320000000000003,29.342399999999987
O=C(O)CCCCCO,0.6236999999999999,33.189599999999984
CC(C=O)C1CC1C,1.4774,32.49899999999998
COCC(O)CCN,-0.6574999999999998,31.554199999999987
NCCCCCO,0.10769999999999996,29.99119999999999
OCCC1CCC(O)C1O,-0.4994000000000002,36.4404
CCCC(O)CO,0.13970000000000005,28.000599999999988
CCC1CCCCC1=O,2.1557000000000004,37.25599999999999
CCN1CC1NC,-0.13260000000000027,30.09469999999999
CC1(C)C2CC3CC321,2.0524,32.42799999999998
NC(O)CCC(O)CO,-1.6031000000000004,32.520799999999994
COC(=O)OCC1CC1O,0.15019999999999994,32.47079999999998
CCCCOCC(O)O,0.11380000000000001,33.95259999999999
CCCCCCCC(N)=O,1.8322,42.57040000000001
CCOCCOCCC=O,0.6284999999999998,37.993
CCCCCCCC,3.3668000000000022,39.05
CC(CO)C1(C)OC1O,-0.2779,31.746599999999987
OCCCCCO,0.14130000000000004,28.022599999999986
CCCC(O)CCC,1.9475,35.822799999999994
OCCCCCCCO,0.9215,37.25659999999999
CCC(CO)CCO,0.38730000000000003,32.56959999999998
COCCCCC=O,1.002,31.790999999999983
CNCC(O)CCO,-1.0509000000000004,31.636299999999988
CC(=O)C1C2CCCC21,1.6215,35.00199999999999
CCCCCCCO,1.9491,35.84479999999999
NCCOCCCO,-0.6558999999999999,31.57619999999999
CCCCOC(O)CO,0.11380000000000012,33.95259999999999
CC(O)CCCCCO,0.9198999999999999,37.23459999999999
CCCCC(O)NC=O,0.24099999999999944,34.7315
COC1CCCCC1C,2.2115,38.429
OCCCCCCO,0.5313999999999999,32.63959999999998
CCCCC(N)O,0.45369999999999977,29.71919999999999
CNCCNCO,-1.2547999999999995,29.01519999999999
CCCCCCCC,3.3668000000000022,39.05
CC(O)CCCCO,0.5298,32.61759999999998
O=C1CC(O)OCCO1,-0.7317000000000002,27.53479999999999
O=COCCCCCCO,0.7121,37.569799999999994
*C1CCCC1C(=O)O,1.2089,28.72679999999999
CC(O)C1(C)CC1C,1.4133,33.56879999999999
CCCCC(O)C=O,0.7363999999999999,31.595799999999983
CCCCCNC,1.396,33.45169999999999
CCCCCCCCO,2.3392000000000013,40.461800000000004
CNC(=O)CC(C)N,-0.5303000000000002,32.333099999999995
CC(O)C(=O)C1CC1O,-0.6829000000000001,30.801599999999986
NC(=O)C12C=CC=C1N2,-0.7326000000000001,32.2841
O=C(O)CCCCCO,0.6236999999999999,33.189599999999984
CCCC(O)CC,1.5574,31.205799999999982
C=C(O)C(O)CC,0.829,28.06659999999999
OCCCOCCCO,-0.23220000000000013,34.22459999999999
CC(O)CCCCCO,0.9198999999999999,37.23459999999999
CCCCNC(O)CO,-0.3132,36.003299999999996
O=C(O)C1(O)CCCC1,0.3761,31.05359999999999
NCCNCCN,-1.506599999999999,30.978499999999997
CC1COC1CC(O)O,-0.27790000000000004,31.746599999999983
CCCC1CC1CCN,1.7713999999999999,40.176399999999994
CC(O)C12CCOC1C2,0.5462,33.087799999999994
NCCNCCOCO,-1.4989,34.9619
CC(=O)CCC(C)C,2.0116,34.752999999999986
NCCCCCN,0.07410000000000017,31.959799999999994
OC(O)CC1OC1O,-1.5956,23.722399999999993
OC1OCC2C3CCCC132,0.7513000000000001,35.2228
NC(=O)C1CCCC(O)O1,-0.6408000000000005,33.9252
CCCCCCCO,1.9491,35.84479999999999
CCCC(C)(O)C=O,0.7363999999999999,31.595799999999983
CNCCC1OC1C,0.3832,32.87869999999999
OCCOCCC(O)CO,-1.2614000000000003,35.614399999999996
OC1CCCCC1,1.3114,29.091799999999985
CCCCCCO,1.559,31.22779999999998
*CCCC(C)C(=O)O,1.4549,30.840799999999987
CCC(O)C(N)O,-0.9656,26.491999999999997
O=C1NC(=O)C2C(O)CC12,-1.3602000000000005,30.753499999999992
NC(O)CCCCC(=O)O,-0.09150000000000019,36.297999999999995
CCCC1CC2CC2C1,2.832600000000001,39.229
CCC(=O)CCCO,0.738,31.61779999999998
CCCNCC(O)O,-0.7032999999999999,31.386299999999984
OCCCCCCCO,0.9215,37.25659999999999
CCCCCCC(O)CO,1.3099999999999998,41.851600000000005
CCCC(O)CCCCO,1.31,41.85160000000001
CCCC(O)CCO,0.5298,32.61759999999998
OCCCCCCO,0.5313999999999999,32.63959999999998
CCCCOCCCC,2.603200000000001,40.635000000000005
O=C(OO)C1OC1(O)CO,-1.9177000000000002,25.629399999999993
O=C(O)CCCCCO,0.6236999999999999,33.189599999999984
CCCCNC(O)CO,-0.3132,36.003299999999996
CCCCC(O)CCO,0.9198999999999999,37.23459999999999
COCCCC(C)O,0.7938000000000001,32.79079999999998
OC1CCOCC(O)CC1,-0.09130000000000016,36.6836
CC1CC(O)C(O)C1O,-0.8911,31.801399999999987
O=C(CO)OCCCCO,-0.7056,34.36459999999999
CCCCCCCCO,2.3392000000000013,40.461800000000004
CCCC(=O)OC=O,0.48609999999999987,27.06399999999999
NC(=O)CCCC(O)O,-1.0473000000000006,31.27099999999999
CC12OCC1(O)C2(O)O,-1.7990999999999997,26.475399999999993
COC(=O)C(O)C(C)O,-1.0989,29.703599999999987
OCCCC(O)C1CO1,-0.48140000000000005,32.06659999999999
CC(O)C(O)C(C)O,-0.8911000000000004,29.368399999999987
CC(=O)C(O)C1CC1O,-0.6829000000000001,30.801599999999986
NC(O)C1CCNC1,-1.1270000000000002,31.170899999999996
CCCCNC1CC1C,1.7845,40.4797
OCCCCCCO,0.5313999999999999,32.63959999999998
CCCCCCC(C)=O,2.5458000000000007,39.440000000000005
O=C(CO)CCCC(O)O,-0.9712000000000003,34.16939999999999
*CCCC(O)CO,0.08739999999999992,27.133599999999987
CC1CCC(O)C1O,0.1381,30.411599999999986
CCCCCCO,1.559,31.22779999999998
CCCC(O)C(C)C=O,0.9823999999999999,36.142799999999994
CC(O)CCCCCN,0.8863000000000001,39.203199999999995
OCC1CCCC(O)OC1,0.11379999999999996,36.3856
CCCCCCCCO,2.3392000000000013,40.461800000000004
CC(O)CCCCO,0.5298,32.61759999999998
COC(=O)C(C)CCO,0.1778999999999999,32.88279999999998
OCCCCOCCO,-0.23220000000000013,34.22459999999999
NCCCCCC=O,0.7044,33.58639999999998
O=C(O)CCCOCCO,-0.13989999999999997,34.774599999999985
CC(O)CCCCO,0.5298,32.61759999999998
OCCCCCCO,0.5313999999999999,32.63959999999998
CC(O)CC(O)C(O)O,-1.5711,30.530199999999986
CC(C)C1CC1(O)O,0.3432,30.113599999999984
CCCCCCCOC,2.603200000000001,40.635000000000005
O=C1CC(O)COCO1,-0.7317000000000002,27.53479999999999
CCCCCCCO,1.9491,35.84479999999999
CCC(=O)C1COC1O,-0.06969999999999993,30.746799999999986
COC1CCCCC1O,0.9362999999999999,35.271799999999985
CC(CO)CC(O)CO,-0.6419000000000004,33.95939999999999
CCCCC(O)CCO,0.9198999999999999,37.23459999999999
CCC(CO)CCNC,0.6143999999999996,39.410500000000006
CCCC(O)CCCO,0.9198999999999999,37.23459999999999
CCCCCCCC=O,2.5458000000000007,39.440000000000005
NC(CO)CCCO,-0.9215000000000002,31.38099999999999
CCCC(CC)CO,1.805,35.77479999999999
CCCCC[SH](C)(=O)O,1.2961,42.48220000000001
CNC(=O)C(=O)CN,-1.739799999999999,28.128099999999996
NCCCOCCCO,-0.2658,36.1932
CCCNC(N)O,-0.7794000000000001,28.487899999999996
O=COCCOCC1OO1,-0.5361,28.792999999999992
CCC(C)CCCO,1.805,35.77479999999999
CCCCC(O)C(=O)O,0.6221,33.167599999999986
CNCCNCO,-1.2547999999999995,29.01519999999999
CCCCCCCN,1.9155,37.81339999999999
CCCCOCCC,2.2131,36.017999999999994
CC(=O)C(O)CCO,-0.6813000000000002,28.390599999999985
NCC(O)OCCOCO,-1.7534999999999996,34.050999999999995
NC1C(O)C(CCO)C1O,-1.9523000000000004,35.1818
CCCCC1CNCOC1,1.3700999999999999,41.83670000000001
CNC(=O)NC1CC1O,-0.9514000000000002,32.00319999999999
CCCCC(O)C(C)O,0.9183,37.212599999999995
OCCCCCCO,0.5313999999999999,32.63959999999998
O=C(O)C1CCC=NC1,0.5518000000000001,33.718799999999995
OCCCCCC(O)(O)O,-0.8301999999999998,34.94119999999999
CCCCC(O)CC,1.9475,35.822799999999994
CCCCNCCN,0.3347999999999993,36.832100000000004
OCCCCC(O)O,-0.5402999999999999,29.162399999999987
CC(O)CNCCN,-1.0844999999999994,33.60489999999999
CCC(O)C(O)O,-0.9320000000000004,24.52339999999999
OC1CC2C3CCNC132,-0.2709000000000001,32.95449999999999
O=C(O)CCCC(O)O,-0.44800000000000023,29.712399999999985
OCC1CCCCO1,0.5478000000000001,30.676799999999986
*CCCCCC,2.534300000000001,28.948999999999984
CCCCCCOCC,2.603200000000001,40.635000000000005
CCCCC(C)O,1.5574,31.205799999999982
CCCCCCC=O,2.1557000000000004,34.822999999999986
*CC1OCCC1N,0.07019999999999982,27.13939999999999
OCC12CCCC1C2,1.1689,31.476799999999983
CCC(O)C(C)O,0.1381,27.97859999999999
O=COC1(O)CCCC1,0.42199999999999993,30.566799999999986
NCC1CCC(O)C1,0.10610000000000014,32.40219999999999
NCCCCCN,0.07410000000000017,31.959799999999994
OC(O)C12CCC1C2,0.09719999999999995,27.999599999999987
CCCCNC(C)=O,0.9225999999999999,33.59169999999999
OCCCCOCCCO,0.15789999999999976,38.8416
O=CCCC(O)C(=O)CO,-1.1122,33.39759999999999
O=C(O)C(O)CCCCO,-0.40550000000000014,34.57939999999999
CC(O)COC(C)COO,0.26189999999999997,35.675599999999996
CC(=O)OC1CCCCC1,1.8821999999999999,38.639
CCCC(=O)CC(O)O,0.056400000000000006,32.75759999999998
*C1C(C)CCOC1O,0.6990000000000001,29.48979999999999
OCCCCCCO,0.5313999999999999,32.63959999999998
CCCC(C)C(O)O,0.7332999999999998,32.29759999999998
CCC(C)(O)C(C)CO,0.7758,37.16459999999999
CCCCCCC,2.976700000000002,34.432999999999986
O=CCCCCCO,0.738,31.61779999999998
CC1CCCCC1N,1.5238,35.607399999999984
NC(CO)C1CC1,-0.28400000000000025,27.785199999999993
CNC12CCC1C2,0.7583,29.131699999999988
CCCCOC1(C)CO1,1.5495,35.217
NCCCCCCO,0.4978000000000001,34.6082
CCCCCCCC,3.3668000000000022,39.05
CCCCCC(C)O,1.9475,35.822799999999994
OC1COC2CCCCC12,0.9362999999999999,37.7048
*CCCCCC,2.534300000000001,28.948999999999984
CNCC(N)CO,-1.474599999999999,28.987899999999993
CC1(O)OC12CCC(O)C2,0.008699999999999986,34.297599999999996
NCC(O)CCCCO,-0.5314000000000003,35.998
CNC(=O)CCCCO,-0.10500000000000015,35.003499999999995
O=C(CO)C1CCCC1O,-0.29119999999999985,35.44059999999999
O=C(O)C1CCCCC1,1.6513,34.21079999999999
COC(=O)COCCCO,-0.44159999999999994,34.53779999999999
NCCCCCN,0.07410000000000017,31.959799999999994
CCCC(=O)OC,0.9594999999999999,26.923999999999985
CCC1CCC(=O)O1,1.1019999999999999,29.404999999999987
CCCC(O)(O)OC,0.07129999999999997,29.08559999999999
CCCCCC(C)O,1.9475,35.822799999999994
NC1CCC2C(=O)C12,-0.07740000000000014,29.196399999999993
CC(=O)CCC(C)O,0.7363999999999999,31.595799999999983
CNCC(O)C(O)O,-2.1226,28.15909999999999
COC1COCCC1O,-0.2174000000000002,32.23979999999998
CCCC(O)CC,1.5574,31.205799999999982
NC(O)CCCCO,-0.5739000000000003,31.13099999999999
NCCCCCO,0.10769999999999996,29.99119999999999
CC(C=O)CC(O)CO,-0.4353,32.93759999999999
O=C1CCCCC1CO,0.738,34.05079999999999
CCCCCCC,2.976700000000002,34.432999999999986
COCCCCC(=O)O,0.8877000000000002,33.362799999999986
CCCCNC,1.0059,28.834699999999987
CC(=O)CCC(C)NO,0.7228999999999999,34.299199999999985
OCCCCCCO,0.5313999999999999,32.63959999999998
CCC1OC1CN,0.12249999999999983,28.00639999999999
CC(O)C(=O)OCC=O,-0.8907000000000003,28.703799999999987
CCCCCC(C)=O,2.1557000000000004,34.822999999999986
CC1CCCCC(=O)C1,2.1557000000000004,37.25599999999999
CCCC(O)CCO,0.5298,32.61759999999998
CCCC(=O)CCCO,1.1281,36.23479999999999
CCCCC[SH](C)C,2.4374000000000002,45.22600000000002
NC(=O)CCC1CC1O,-0.36730000000000057,32.542199999999994
CCCCCC1CCOC1,2.603200000000001,43.06800000000001
COC(=O)NCCNCO,-1.1181999999999999,35.496199999999995
CC(O)C(O)CC1CC1,0.5282,35.02859999999999
NC(=O)C1CC1CO,-0.8999000000000001,27.87719999999999
COC1COC(O)C1,-0.25990000000000024,27.372799999999987
CCCC(O)CCO,0.5298,32.61759999999998
*C1CCCCCC1=O,1.8574,31.841999999999985
CCCCC(O)COC,1.1839000000000002,37.4078
O=C(O)CCCC(=O)CO,-0.19729999999999975,33.57959999999999
NCCCCC(=O)O,0.20000000000000012,30.54119999999999
COC1CCCCC1O,0.9362999999999999,35.271799999999985
OC1COC12CCCO2,-0.11580000000000013,29.875799999999987
CNCCCCCO,0.3683999999999999,34.863499999999995
CCOCCOCCCO,0.4219,39.0148
CNC(=O)OCCNCO,-1.1181999999999999,35.496199999999995
CCC1CC1(C)NC,1.3943999999999999,35.8627
CCCC(=O)CCCO,1.1281,36.23479999999999
CC(O)CCCCN,0.49620000000000003,34.5862
CCC(O)C1(CO)CC1O,-0.49940000000000023,36.4404
O=C1CC(O)OOC1O,-1.4558,23.807599999999994
CC(N)C1CC1C=O,0.16859999999999986,31.31039999999999
O=C(O)C(O)C(O)C(O)O,-2.8965000000000005,27.874999999999993
CCCCC(CC)CCO,2.5852000000000004,45.008800000000015
CCCC(CO)C(O)O,-0.29429999999999995,33.70939999999999
CCC(=O)CCCC=O,1.3347,35.212999999999994
NCCCCCO,0.10769999999999996,29.99119999999999
CC(O)C(C)C(C)O,0.3841,32.52559999999998
CCC(=O)CCCCCO,1.5182,40.851800000000004
CCC(=O)CCCOC,1.3921000000000001,36.407999999999994
CC(C)C(C)CO,1.2708,31.087799999999984
CCC(=O)CC(=O)CCO,0.3071,36.6248
CS(=O)(=O)C1CCOCO1,-0.24849999999999994,35.1528
CCCCC1CC1C(=O)O,1.8973,38.7578
CCC1CCC(O)N1,0.4668,32.45549999999998
CC(O)CC1CCCOC1,1.1839,39.84080000000001
CC(O)CCCC(O)O,-0.1518,33.75739999999999
CCCCCC(O)OO,1.3747,33.862599999999986
CCCCCCN,1.5253999999999999,33.19639999999998
O=C1CCC2CCCCC12,2.1557000000000004,39.68900000000001
CC1CC1(O)CO,-0.25039999999999996,25.81659999999999
OCC(O)C1=CCNN1,-1.6686999999999994,32.31399999999999
OCC1CCCCC1,1.559,33.66079999999999
CCCCC(O)CO,0.5298,32.61759999999998
CCCCCCNC,1.7861,38.0687
NC(=O)CCCCO,-0.3657000000000003,30.13119999999999
CCCCCCCO,1.9491,35.84479999999999
CCC(=O)C(CC)CN,0.9504,38.1334
CCCCCC(=O)OC,1.7397,36.157999999999994
CCCCNCC(O)O,-0.3132,36.003299999999996
CC(O)CC(O)CO,-0.8895000000000002,29.39039999999999
NCCCCCN,0.07410000000000017,31.959799999999994
CCCCCC(N)=O,1.0519999999999996,33.33639999999999
CCCCCOC(C)O,1.5314999999999999,37.157799999999995
CCCCCCC(=O)CO,1.5182,40.85180000000001
CCC(C)CC(C)=O,2.0116,34.752999999999986
CC(O)CCCC(=O)O,0.6221,33.167599999999986
CCCCCCCC,3.3668000000000022,39.05
CCC(O)OCCO,-0.2763000000000002,29.33559999999999
CNC(=O)CCCCCO,0.2851,39.6205
COC1(O)CC1CO,-0.6664,27.151599999999988
CC1COC(CCO)C1,0.7938000000000001,35.22379999999999
COC12CCC1C2,1.1853,27.080999999999985
OCCCCOCCO,-0.23220000000000013,34.22459999999999
CCCC(=O)CN,0.31430000000000013,28.96939999999999
CCCCOCCO,0.7953999999999999,32.81279999999998
O=C1CCCOC(O)C1,0.07440000000000008,30.816799999999986
OCCCCCCCO,0.9215,37.25659999999999
NCCCCCO,0.10769999999999996,29.99119999999999
CCCCCOCCCC,2.9933000000000014,45.25200000000002
CCCCCCCO,1.9491,35.84479999999999
CCCCCCC(=O)O,2.0414,36.39479999999999
OC1CCC(C(O)O)C1,-0.5419,31.573399999999985
N=C(O)CCCCC=O,1.28097,34.887499999999996
O=CCNCCNC=O,-1.4790999999999996,33.00039999999999
CC(O)CCCC(=O)O,0.6220999999999999,33.167599999999986
CCCCCC(=O)CO,1.1281,36.23479999999999
COCCCCC(C)O,1.1839000000000002,37.407799999999995
OCCCCCC(O)CO,-0.10770000000000007,38.6464
CCCCCC(C)O,1.9475,35.822799999999994
NCCCCCO,0.10769999999999996,29.99119999999999
OC(O)C1CCCCN1,-0.5608000000000004,33.867299999999986
CCCC1OC1CO,0.5462,30.65479999999998
CCCCCCCOC,2.603200000000001,40.635000000000005
CCOCC(O)CO,-0.6238999999999999,29.585599999999985
CCC(=O)CCO,0.34790000000000004,27.000799999999987
CC(=O)CCCCC(=O)O,1.2204,36.78479999999999
CCC(=O)C(C)CCO,0.984,36.16479999999999
COCCCCC(C)O,1.1839,37.4078
CC(CCCO)C(N)=O,-0.1197000000000003,34.6782
CS(=O)(=O)CCC(=O)CO,-1.0174999999999998,36.4206
CC(=O)CCC(C)O,0.7363999999999999,31.595799999999983
CC(C)C1CCC(O)C1,1.8034,38.1858
CCCCCC(=O)NCO,0.6326999999999994,39.37050000000001
O=C1C2CCCOC12O,-0.3156999999999999,28.63279999999999
CCCCCCNN,1.03,36.33209999999998
CCCCC(CO)CCO,1.1674999999999998,41.8036
CCC(=O)CCCCO,1.1281,36.23479999999999
CC(O)C(O)CCOO,-0.39220000000000016,30.885399999999986
COCCC(O)CCO,-0.2337999999999999,34.20259999999999
CCCCCCCCO,2.3392,40.461800000000004
OC1COCCOC1,-0.6059000000000001,27.64479999999999
CCCCCC(O)(O)O,0.19740000000000013,33.52939999999999
CNCC(O)C(N)O,-2.1561999999999997,30.127699999999994
COCCCCCCCO,1.5756000000000001,42.04680000000001
CCCCCCC(O)O,1.2674999999999998,36.98459999999999
OCCC1C2CCOC12,0.40369999999999995,33.039799999999985
CCCCCCN,1.5253999999999999,33.19639999999998
NCC(N)CCCO,-0.9551000000000003,33.34959999999999
CC1C(O)CCC1CCO,0.7758,39.5976
CCCCCCCCC,3.7569000000000026,43.667000000000016
CCCCCCC(O)CO,1.3099999999999998,41.851600000000005
*C(CCCCO)OC,0.6708000000000001,31.73379999999998
CC(=O)CCCCN,0.7044,33.58639999999998
CCCC(O)C(=O)CC,1.1265,36.212799999999994
CCCCC(=O)CCCO,1.5182,40.85180000000001
NCCCCCCC(=O)O,0.9802,39.775200000000005
NCCCCC(O)C=O,-0.3247999999999999,34.9762
CCCCCC(O)CC,2.3376,40.439800000000005
NCC1CCCCC1,1.5254000000000003,35.6294
CCCCC(O)C=O,0.7363999999999999,31.595799999999983
CCCC(O)CCC,1.9475,35.822799999999994
O=C1CCC=CN=CC=N1,0.9621,40.365000000000016
CCCCCC(O)CO,0.9198999999999999,37.23459999999999
CCCC(O)CC,1.5574,31.205799999999982
COC(=O)CCCC(O)O,-0.35960000000000025,34.09259999999999
O=C1CCCCOCC1,1.1461,34.29399999999999
CCCC1CCC(O)C1,1.9475,38.2558
CCCOC(O)OC(=O)O,0.38349999999999995,31.359599999999986
CCC(O)CCC=O,0.7363999999999999,31.595799999999983
COC(C)OCC(O)CO,-0.6514000000000002,35.51559999999999
OCCCCCCO,0.5313999999999999,32.63959999999998
CC(O)C(C)CO,-0.0043999999999999595,27.930599999999988
NC1COC12CCOC2,-0.4970000000000001,32.09439999999999
O=C1CCCOCCC1,1.1461,34.29399999999999
CCCOCCCO,0.7953999999999999,32.81279999999998
CCCOC1CC(=O)C1,1.1445,34.27199999999999
CCCC1OC1CCO,0.9362999999999999,35.271799999999985
COC(=O)CCCCCO,0.7121,37.569799999999994
COC(O)C1CC1O,-0.6680000000000001,27.12959999999999
COCC(O)C(O)C1CO1,-1.2466000000000002,33.62959999999999
OCC1(O)CCOC1O,-1.5515,28.61139999999999
CCCC(C)CC,2.832600000000001,34.362999999999985
CC(O)C(O)C(O)O,-1.9612000000000003,25.913199999999993
NC1C=NC(=O)N=C1,-0.4111,30.3554
CCCCCC(O)O,0.8774,32.36759999999998
*CCCCCN,1.0830000000000002,27.712399999999988
CNCCNCCCO,-0.8221999999999996,38.4992
CC(=O)CCCNCO,-0.1050000000000001,35.003499999999995
NCCCCCO,0.10769999999999996,29.99119999999999
CNCNC(C)O,-0.9087999999999998,28.74319999999999
OCCOC(CO)OCO,-1.7198999999999998,32.082399999999986
OC1CCC(O)C(O)C1,-0.7470000000000001,31.871399999999987
CC(C)C(O)CCCO,0.7758,37.16459999999999
CCC(O)C(=O)OC,-0.0697000000000001,28.313799999999986
O=C(O)C1(O)CCCC1,0.3761,31.05359999999999
O=C(O)CCCCO,0.23360000000000009,28.572599999999987
COCCNCCOCO,-0.8111999999999997,37.783500000000004
NC(O)C1(O)CCC(O)O1,-1.9191000000000003,31.469799999999992
COC(O)OCCCCO,-0.3022,35.2876
CCCCCCS(C)=O,1.9452,43.075400000000016
CC(O)CCCC(C)O,0.9182999999999999,37.212599999999995
O=C1CC2CCOOC12,0.29590000000000005,28.55599999999999
CCNCCNC(=O)O,-0.13650000000000007,34.571200000000005
O=C(O)CCC(O)CO,-0.7956000000000001,29.962399999999988
*CCCCCCC,2.924400000000001,33.56599999999999
CC(C)CCCCCO,2.1951,40.3918
CCC(CO)CCO,0.38730000000000003,32.56959999999998
CCCCCCC(=O)O,2.0414,36.39479999999999
COC(=O)CCCCCN,0.6785,39.538399999999996
CNC(=O)NC(=N)N,-1.19113,29.505500000000005
CCCC(O)CCC,1.9475,35.822799999999994
NCC1CCCOC1,0.3716999999999999,32.59739999999999
CCC1CC1(C)OC,1.8214000000000001,33.81199999999998
CC(=O)C(C)C(O)CO,-0.43530000000000013,32.93759999999998
CCCCNCCN,0.3347999999999993,36.832100000000004
COCCCCC(O)CO,0.15629999999999988,38.8196
NCC1(O)CCCC1,0.25019999999999953,32.472199999999994
CC(C)CC(O)O,0.3432,27.680599999999988
CCCCC(O)CC,1.9475,35.822799999999994
CC1CC1CC(N)=O,0.5177999999999996,31.08239999999999
NCC1CCCCO1,0.5141999999999998,32.645399999999995
O=C(O)CCCCC(=O)O,0.716,33.73959999999999
CCCCCCCCO,2.3392000000000013,40.461800000000004
CCCCCCC(=O)O,2.0414,36.39479999999999
NC(=O)C1CCCNC1,-0.5287000000000004,34.7881
CCCCC(O)CCO,0.9198999999999999,37.23459999999999
CCCC(=O)OCCO,0.322,32.95279999999998
OCCOC1CCOC1,-0.2158,32.26179999999999
NCCCCCC(O)C=O,0.06530000000000002,39.593199999999996
CC(O)CC1(C)OC1=O,0.07280000000000003,30.794799999999988
CC1(OCO)OCCC1O,-0.5498000000000001,33.15159999999999
O=C(CO)CCCC(O)O,-0.9712000000000001,34.16939999999999
CCCCNC(=O)OC,1.1425,35.31569999999999
O=C1CCCC2CCOC12,1.1445,36.705
O=CCNCCCO,-0.8427,30.636499999999987
NC(O)CCCCO,-0.5739000000000003,31.13099999999999
OCCC1CCOCC1,0.7953999999999999,35.245799999999996
CCCCCCC(=O)O,2.0414,36.39479999999999
CCCOC1CCCC1,2.355600000000001,38.499
COC(=O)CCCC=O,0.5286,31.930999999999983
CNCC(N)CO,-1.474599999999999,28.987899999999993
CCCCCC(=O)CO,1.1281,36.23479999999999
CCOC(O)CCNCO,-0.7291999999999998,37.338300000000004
CC(O)C(O)CO,-1.2796,24.773399999999995
CCCCCCCC,3.3668000000000022,39.05
O=C1CCCCCCOC1,1.5362,38.911
O=C(CO)CCCOCO,-0.7056,34.36459999999999
OCCCC(O)CO,-0.8879000000000001,29.412399999999987
CNC(=O)CC(C)=O,-0.2885,29.36469999999999
NC(=O)CCCCO,-0.3657000000000003,30.13119999999999
NNCCNCO,-2.0108999999999995,27.278599999999997
CNC12C=C1CCN2,-0.16460000000000002,32.493399999999994
OCC1CCCC1,1.1689,29.043799999999983
CCC(=O)C(O)CC(O)O,-0.9728000000000001,34.14739999999999
N=C(O)COC(O)CO,-1.1510300000000002,29.40009999999999
CC(=O)C(C)CO,0.20380000000000004,26.930799999999987
COC(O)CCCCO,0.11379999999999996,33.95259999999999
CCCC(O)C(=O)CC,1.1265,36.212799999999994
CC(C)C(O)NCCO,-0.4573,35.933299999999996
CC(C)CCCO,1.4149,31.15779999999998
CCCCCNC,1.396,33.45169999999999
CCC1CCC(O)C1,1.5574,33.63879999999999
CCCC(O)CCCO,0.9198999999999999,37.23459999999999
CCOCOC1COC1O,-0.2858000000000002,33.32479999999998
*C(=O)OC(O)CCC,0.7908,27.395799999999987
OCOOC1CC2CC21O,-0.5923000000000003,30.717599999999983
NCCCCCCO,0.4978000000000001,34.6082
OCCCC1CCCO1,0.9379,35.2938
CNCCCCCOC,1.0225,39.6537
CC(CO)CCC(O)CO,-0.2517999999999999,38.5764
OCCCCCO,0.14130000000000004,28.022599999999986
CCCNCCN,-0.05530000000000057,32.21509999999999
O=CCCOCCOO,0.08160000000000006,30.080799999999986
OCC12CC1COCC2O,-0.6239000000000003,34.45159999999999
CCCCC(O)CC,1.9475,35.822799999999994
CCC(O)[SH](C)CO,0.29560000000000003,38.293600000000005
O=CCCC1CCCC1,2.1557000000000004,37.25599999999999
CCCCCCC(=O)O,2.0414,36.39479999999999
O=CCCCOC=O,0.13850000000000007,27.313999999999986
CCCCCC(O)C=O,1.1265,36.212799999999994
CCCNC(O)CN,-0.7368999999999999,33.35489999999999
CCCCCCCC,3.3668000000000022,39.05
CCCCCCCCO,2.3392000000000013,40.461800000000004
OC1COC12CCNC2,-0.8904000000000005,32.17649999999999
CC(=O)C(O)CCCO,-0.29120000000000007,33.00759999999998
CCCCC(C)C(C)O,2.1935000000000002,40.369800000000005
COC(C)CCCO,0.7938000000000001,32.79079999999998
O=C(O)CC1CCOC1O,-0.1840000000000001,32.31859999999999
CCCCCC=O,1.7656,30.20599999999998
CC(O)C(O)CN,-1.3132,26.741999999999997
CC(N)CCCCO,0.4961999999999996,34.5862
CCCCC1CCOC1,2.2131,38.451
OC1CCC2COCC12,0.40369999999999995,33.039799999999985
COCCCCCO,0.7953999999999999,32.81279999999998
CCCCOCCC,2.2131,36.017999999999994
CC(=O)CCC(O)O,-0.3337,28.14059999999999
CC(CCO)CCO,0.38730000000000003,32.56959999999999
CC(C)C1CCCOO1,1.7530000000000001,34.89699999999999
CCCCCCC(=O)O,2.0414000000000003,36.3948
CCCCOCCO,0.7953999999999999,32.81279999999998
CCCCCCOCC,2.603200000000001,40.635000000000005
CCCC(O)C(C)O,0.5282,32.59559999999998
CCC(C)(O)CCO,0.5298,32.61759999999998
CCCCOC(=O)O,1.4811,28.884799999999984
CCC(=O)C(CO)C(C)O,-0.04519999999999991,37.55459999999999
CCCC(=O)C(C)OC,1.3905,36.385999999999996
CNC(N)CCCN,-0.7704999999999993,35.32349999999998
CNC(C)OCCO,-0.43929999999999997,31.559499999999986
CNC1=CN1CN,-0.7634999999999998,28.036099999999998
COC(O)C(C)CO,-0.42040000000000005,29.26559999999999
CC(O)C(O)CN,-1.3132,26.74199999999999
NCCCCC(O)(O)O,-1.2538999999999998,32.29279999999999
CCCCCCCCO,2.3392000000000013,40.461800000000004
CCCCCCCO,1.9491,35.84479999999999
O=C1CCCC2CCCC12,2.1557000000000004,39.68900000000001
O=C(O)CCOCCCO,-0.13989999999999997,34.774599999999985
CN(CO)CC(=O)O,-1.0474000000000003,27.35159999999999
CCCCCCCO,1.9491,35.84479999999999
O=C1CCC(=O)C(O)OO1,-0.8575000000000002,27.42479999999999
CCCCC(O)COC,1.1839000000000002,37.4078
CCCCCC(N)=O,1.0519999999999996,33.33639999999999
CCC(O)CCC(=O)O,0.6221,33.167599999999986
CNCCNCCNC,-0.9851999999999987,40.7231
CS(=O)(=O)CCCCO,-0.19650000000000006,36.0306
CNCCCCO,-0.02170000000000022,30.246499999999987
OC1OC2C(O)C2C1O,-1.9448000000000005,26.383399999999995
CCCCCCCO,1.9491,35.84479999999999
OCCCCCC(O)O,-0.1502,33.77939999999999
CCCCCCCC,3.3668000000000022,39.05
NCCC(N)CN,-1.3787999999999996,30.7012
O=C(O)CCCO,-0.15650000000000003,23.955599999999993
CCCC(C)(O)CC,1.9475,35.822799999999994
CC(O)CCCCOO,1.0271000000000001,34.112599999999986
CNCCC1CCNC1,0.20539999999999986,39.52040000000001
OCCCC(O)O,-0.9304000000000001,24.54539999999999
CCCC(O)CCC,1.9475,35.822799999999994
OCCCCCCO,0.5313999999999999,32.63959999999998
COC(O)C(C)CO,-0.42040000000000005,29.26559999999999
*CCCCCN,1.0830000000000002,27.712399999999988
COC12CC1CCOC2O,0.13020000000000004,34.42279999999999
O=CC(=O)CCCCO,-0.08299999999999991,32.00779999999999
CCC12CC1CC2O,1.1673,31.454799999999985
O=C(CO)CCCCCO,0.10050000000000009,37.6466
OCCCOCCO,-0.6223000000000001,29.607599999999984
CC(C)CCCCO,1.8050000000000002,35.77479999999999
CCCCCC(O)CO,0.9198999999999999,37.23459999999999
CCCC(C)C(=O)OC,1.5956,36.087999999999994
CCCCCC(=O)C(O)O,0.44649999999999995,37.374599999999994
NC(=O)C(=O)CCCO,-1.1867,30.521199999999993
COCC(O)CC(O)O,-1.3055,30.725399999999983
CCCCCCC,2.976700000000002,34.432999999999986
COC(=O)CCC(O)CO,-0.7072000000000003,34.34259999999999
CCCCCOC(O)O,0.46139999999999987,33.70259999999999
OC1CC2(O)C(O)CCC12,-0.7470000000000001,34.304399999999994
CCC1CCCCC1O,1.9475000000000002,38.2558
CC1CC1C(O)C=O,0.2022,29.341799999999985
COC(=O)C1=CCCN1,0.03660000000000002,32.718699999999984
OCCCCCCO,0.5313999999999999,32.63959999999998
CC(=O)CCCC1OC1O,0.4628999999999999,35.41179999999999
OCCCCCCCO,0.9215,37.25659999999999
CNCCCCCCO,0.7585,39.480500000000006
CCCOCCC=O,1.002,31.790999999999983
CCC(=O)C(C)CN,0.5603000000000001,33.51639999999998
CC(O)C(O)CC(=O)O,-0.7971999999999999,29.940399999999986
OCC(O)CCC(O)CO,-1.5270000000000001,35.41919999999999
CNCCCNC=O,-0.6581000000000004,32.61039999999999
CCCCCCCC=O,2.5458000000000007,39.440000000000005
OCC1COCCC1O,-0.6239000000000003,32.018599999999985
COC(C)CCCO,0.7938000000000001,32.79079999999998
CC(O)CCCCO,0.5298,32.61759999999998
CCC(=O)C1CC1=O,0.5545,28.41199999999999
OCC(O)C1CCCC1O,-0.49940000000000023,36.4404
CNCCCCCO,0.3683999999999999,34.863499999999995
CC(O)C(=O)CCCN,-0.32480000000000014,34.976199999999984
OCC(O)CCC(O)O,-1.5695000000000001,30.552199999999985
CCCCCCCCO,2.3392000000000013,40.461800000000004
CCCCCC,2.5866000000000007,29.81599999999998
CCCCCCOC,2.2131,36.017999999999994
NNCCCC(N)N,-1.5265999999999993,33.5869
O=C1OCCC1CCCO,0.32199999999999984,35.385799999999996
CCC(O)CCNC,0.36679999999999985,34.841499999999996
*C1C(O)CCC12CO2,0.2479,27.67379999999999
COC(=O)C(=O)CC=O,-0.6825000000000001,27.703999999999986
CCCNCCCC(=O)O,0.8507999999999998,40.0305
OCCCOCCOO,-0.12500000000000006,31.102599999999985
CCCC1CC1O,1.1673,29.021799999999985
NCC(=O)CCCCO,-0.3231999999999999,34.99819999999999
CCCCCCCO,1.9491,35.84479999999999
CCOCCCCCCO,1.5756000000000001,42.04680000000001
CCC(C)OCC(=O)O,0.8861000000000001,33.34079999999999
*CC(C)CC(N)=O,0.4654999999999998,27.782399999999992
CCC(O)C1OCC1C,0.7922,35.2018
CCCNC(=O)CO,-0.4951,30.386499999999987
CCC(=O)CC(O)CO,-0.2912,33.00759999999998
CC(O)C(O)CCN,-0.9231,31.35899999999999
OOC(O)C1CCOCC1,0.22100000000000009,33.26359999999999
C[SH](=O)(O)CCCOCO,-0.5376000000000001,40.61200000000001
NCCNCCN,-1.506599999999999,30.978499999999997
CCCCOCCN,0.7617999999999998,34.7814
NC(=O)CC1CCCCC1,1.4420999999999997,40.38640000000001
CCCCCCN,1.5254000000000003,33.19639999999999
CCCC(O)CC(O)O,-0.1518,33.75739999999999
OCC(O)CCC(O)CO,-1.5270000000000001,35.41919999999999
*CCCCCN,1.0830000000000002,27.712399999999988
O=COC(O)CCCCO,-0.35960000000000003,34.09259999999999
O=COCC1(O)CCOC1,-0.6892000000000003,32.40179999999999
CCCC(O)C(C)O,0.5282,32.59559999999998
CC(=O)CCCCCO,1.1281,36.23479999999999
COC(O)CCC(=O)CO,-0.7072000000000003,34.34259999999999
NCCNC(O)O,-2.1970999999999994,25.282699999999995
CNCCC(C)O,-0.023300000000000043,30.22449999999999
CCCC(O)CCCO,0.9198999999999999,37.23459999999999
CC(O)CCCCCO,0.9198999999999999,37.23459999999999
CC(O)C1CCCN1,0.11920000000000003,32.70549999999999
CCCC(=O)C(O)OC,0.3203999999999998,32.930799999999984
*C1CCCC1CN,1.0830000000000002,30.14539999999999
CCCCC(=O)C(C)O,1.1264999999999998,36.212799999999994
NCC(O)C(O)C(=O)O,-2.2485,28.703799999999998
NCCCCCCCO,0.8879000000000001,39.22520000000001
CCCNC(=O)CCO,-0.1050000000000001,35.003499999999995
OCC1CCCCC1,1.559,33.66079999999999
COC(=O)CCC1OC1O,-0.3432000000000001,32.12979999999999
COC1(O)CC1CC(=O)O,-0.18400000000000016,32.31859999999999
O=C(O)CCCCO,0.23360000000000009,28.572599999999987
CCCCNCC,1.396,33.45169999999999
CCCCCCC,2.976700000000002,34.432999999999986
NCCCCCN,0.07410000000000017,31.959799999999994
CNCC1CCCC1,1.396,35.884699999999995
CCCC(O)C(O)OC,0.11219999999999997,33.93059999999999
CCCCCCC,2.976700000000002,34.432999999999986
*CCC1OCCC1O,0.4939,29.787799999999987
OCCCCCCCO,0.9215,37.25659999999999
OC1C2CCCCOC12,0.5462,33.087799999999994
NCCCC(O)CN,-0.9551000000000003,33.34959999999999
CCC1(C)CCCO1,1.9655,33.881999999999984
CNCCCCCN,0.33480000000000004,36.8321
OCCC1(O)CCCC1,0.6738999999999999,35.12059999999999
CC(=O)CCCCOCO,0.7121,37.569799999999994
CCCCCCC(=O)O,2.0414,36.39479999999999
CCC(=O)C(O)CC=O,-0.08459999999999995,31.985799999999983
OCCCCCCO,0.5313999999999999,32.63959999999998
CCCCCOCCO,1.1855,37.4298
CC1CCCCCC1=O,2.1557000000000004,37.25599999999999
CCCOC(C)CC=O,1.3905,36.385999999999996
*CC1CCC1N,0.6912999999999998,25.506399999999992
CC(O)C(C)CC(O)CN,-0.2870000000000001,40.522999999999996
O=C(O)CCCCCO,0.6236999999999999,33.189599999999984
CCCCCCCCO,2.3392000000000013,40.461800000000004
OCCCCOCO,-0.2747000000000001,29.357599999999987
CCC(=O)OCCC(O)O,-0.3595999999999998,34.09259999999999
CC(CO)CCCCO,0.7773999999999999,37.18659999999999
*C1CCC1(CC)CO,1.5067,32.79379999999998
NC(CO)C1CC1O,-1.3132000000000004,29.174999999999994
CC(O)CCC(O)CCO,-0.10930000000000006,38.6244
OCCCCCCC(O)O,0.23989999999999984,38.3964
NCCCCCCO,0.49780000000000013,34.60819999999998
CCCCCS(C)(=O)=O,1.2212,39.235800000000005
CCC(O)(CC=O)OC,0.3204,32.930799999999984
*CCCC(C)N,1.0814,27.69039999999999
CCCC(O)CCCCO,1.31,41.85160000000001
NCC1CCCNC1,-0.05529999999999963,34.6481
CCCCCCO,1.559,31.22779999999998
NCCCCCCO,0.4978000000000001,34.6082
OCC1CCOCC1,0.4053,30.628799999999984
COC(C)(O)CCO,-0.2763,29.33559999999999
NCCCCCC(=O)O,0.5901000000000001,35.158199999999994
CC1C(=O)C2CCNC12,0.18329999999999985,34.06869999999999
COCC(O)CCO,-0.6238999999999999,29.585599999999985
CCCCNCO,0.3258999999999999,29.996499999999987
CCC(=O)CCCO,0.738,31.61779999999998
CCCC(C)NC,1.3943999999999999,33.42969999999999
NCCNCCN,-1.506599999999999,30.978499999999997
CC(=O)CCCOCCO,0.3645,37.8198
COC1(O)CCCN1,-0.33770000000000006,29.195499999999992
NCCCCCCN,0.46420000000000006,36.57679999999999
NC1C(O)CC(O)C1O,-2.1999,30.612799999999993
CNCCCCC(O)O,-0.31320000000000003,36.003299999999996
OCCCCCCO,0.5313999999999999,32.63959999999998
O=CCCCOCCCO,0.3645,37.8198
CN1C=NOC=CC1=O,-0.06800000000000006,31.486999999999995
CC(C)CCCCO,1.805,35.77479999999999
CCCOCCCO,0.7953999999999999,32.81279999999998
CCCCCCCC(O)O,1.6576000000000004,41.601600000000005
CCCCCCOCO,1.5331,37.17979999999999
CCCCCCCO,1.9491,35.84479999999999
COC(=O)C1(O)COC1O,-1.7609000000000004,28.92459999999999
OC1C2CCCOC12O,-0.5239,29.63259999999999
OC1CCC23CCOC2C13,0.5462,35.5208
CC(C)(CCO)C(=O)CO,-0.043599999999999806,37.5766
CCCCCCCO,1.9491,35.84479999999999
CCCCCCCN,1.9155,37.81339999999999
NC(=O)NCCCOO,-0.46559999999999985,30.783899999999996
CC(=O)CCC(=O)O,0.4402,27.550799999999988
NCC1COCCO1,-0.6395000000000002,29.61339999999999
CCCNCCO,-0.021700000000000164,30.246499999999987
CCCC(O)CCO,0.5297999999999998,32.61759999999998
O=CCCCC(O)CO,-0.2912,33.00759999999998
*CCCC(N)=O,0.2194999999999998,23.23539999999999
CCC(O)C1CC1=O,0.3463,29.411799999999985
NC(=O)C1CCCCC1,1.0519999999999996,35.7694
O=C(CCCCCO)OO,0.5552999999999999,34.274599999999985
OCCCCCOC1CO1,0.5218999999999998,36.6288
NC1C=NCC1CC(=O)O,-0.5109999999999999,37.0772
CCCCCCN,1.5253999999999999,33.19639999999998
CCC(C)C(C)O,1.4133,31.135799999999982
CCCCCCCO,1.9491,35.84479999999999
CCCC(=O)CC(=O)CO,0.3071,36.6248
OCC(O)CC(O)C(O)O,-2.5987000000000005,31.941999999999986
CCC(=O)CCC(=O)O,0.8303,32.167799999999986
CC(O)CCCCO,0.5298,32.61759999999998
CCCCCCCO,1.9491,35.84479999999999
CN(C)CC(O)CN,-1.1323999999999987,33.615199999999994
*C1CC1CC(N)O,0.011299999999999644,26.66819999999999
NCCCCCCO,0.4978000000000001,34.6082
CCCCCCCO,1.9491,35.84479999999999
CCCCC(O)CO,0.5298,32.61759999999998
CCCCC(N)O,0.45369999999999977,29.71919999999999
NC(O)CCCO,-0.9640000000000002,26.513999999999992
CC(O)C(N)CO,-1.3132,26.741999999999997
NCCCCCCCO,0.8879000000000001,39.22520000000001
CNC(C)(C)CCO,0.36679999999999985,34.84149999999999
CC(=O)OC(CO)CO,-1.0973000000000004,29.72559999999999
O=C(O)C(O)COCCO,-1.5591999999999997,31.54739999999999
COCCCCCCCN,1.542,44.01540000000001
CCCCC(O)CO,0.5298,32.61759999999998
COC(=O)CCCCO,0.3219999999999999,32.95279999999998
CC(O)C(O)C1CC1O,-0.8911,31.801399999999987
OCCCOCCO,-0.6223000000000001,29.607599999999984
CCCCCCCC,3.3668000000000022,39.05
OCC12CCOC1(O)O2,-1.1859000000000002,26.420599999999993
COC1(O)CC1CCO,-0.2763,31.768599999999985
CCCC(O)C(=O)O,0.23199999999999998,28.55059999999999
CC(C=O)C(C)CCO,0.8399000000000001,36.09479999999999
CC(C)C(=O)OCCO,0.17790000000000017,32.88279999999998
CCNC(O)CCCCO,0.0768999999999998,40.6203
OCCCCOC(O)CO,-0.9138,35.36439999999999
CCCCCC(C)=O,2.1557000000000004,34.822999999999986
COC(=O)C1CC1O,-0.45980000000000015,26.12979999999999
CCCCCO[SH](=N)=O,1.3515700000000002,37.734100000000005
CC(O)C(CO)CCO,-0.6419000000000004,33.95939999999999
C[SH](=O)(O)CCC(O)O,-1.1932999999999998,35.7998
CCCOCCO,0.40530000000000005,28.195799999999988
CC(C)C(O)CCN,0.3521000000000002,34.516199999999984
CC1(C(O)O)CCCC1,0.8774,34.80059999999999
CCCCCCN,1.5254000000000003,33.19639999999999
CC(O)C(C)(C)O,0.1381,27.97859999999999
NCC(=O)CCC(=O)C=O,-0.9376000000000002,34.36639999999999
CCCCCC(N)=O,1.0519999999999996,33.33639999999999
COCCCCCO,0.7953999999999999,32.81279999999998
CC(=O)CCCCO,0.738,31.617799999999985
CC(O)CCCC(O)O,-0.1518,33.75739999999999
CC(O)CCO,-0.25039999999999996,23.383599999999994
CC(O)C(O)CCCO,-0.4994000000000003,34.00739999999999
COC(O)CCCCCO,0.5039,38.5696
O=C(CO)CCCCOO,0.20769999999999994,34.524599999999985
CCCCC1CCCC1,3.3668000000000022,41.483000000000004
NCCCNCCCO,-0.6928000000000001,38.24390000000001
CNCC(O)CCCO,-0.6608000000000005,36.253299999999996
CNCCCNC,-0.18469999999999986,32.47039999999999
CC(O)C(O)CC(O)O,-1.5711,30.530199999999986
CCCCC(=O)OC,1.3496,31.540999999999983
COC(C)C(O)CO,-0.6255000000000002,29.563599999999983
NCCCCCCN,0.46420000000000006,36.57679999999999
O=C(O)COC1CCOC1,-0.12350000000000017,32.81179999999999
CCCCCOCCO,1.1855,37.4298
CCCCCCO,1.559,31.22779999999998
CC(O)C(O)CCCO,-0.49940000000000023,34.00739999999999
OCCCOCCO,-0.6223000000000001,29.607599999999984
COCCCC(=O)OC,0.5859999999999999,33.12599999999999
CCCCCCNO,1.5454999999999999,33.93119999999998
CCCCC(C)=O,1.7656,30.20599999999998
CCCC(O)CCO,0.5298,32.61759999999998
*CC(O)(O)CCCO,-0.5926000000000002,28.295399999999987
COC(=O)CNC(N)N,-2.049999999999999,32.1815
CCC(O)NCCN,-0.7369000000000003,33.3549
CNC1(O)CC1O,-1.3410000000000006,24.633299999999995
NCCNCCN,-1.506599999999999,30.978499999999997
CCCCCOCO,1.143,32.56279999999998
CCCCCCCN,1.9155000000000002,37.8134
CCC1COC(O)N1,-0.3393000000000001,29.173499999999986
NC(O)CC(CO)CO,-1.7455999999999998,32.47279999999999
OC(O)C(O)C1=NCCC1,-1.1072000000000004,35.7684
COCCCCC(N)O,0.0801999999999996,35.9212
OCOC1CCCOC1,0.13180000000000014,32.01179999999999
CC(C)CCC(C)O,1.8034,35.75279999999999
O=CCCCCO,0.3479,27.000799999999987
COC(=O)CCC(O)CO,-0.7072000000000003,34.34259999999999
CCCCCCCOCO,1.9232,41.796800000000005
CC(CO)CCCO,0.38730000000000003,32.56959999999998
OCC1CCCCCC1,1.9491,38.2778
NCCCCCO,0.10769999999999996,29.99119999999999
CCCCOCCC,2.2131,36.017999999999994
O=CC(O)CCCCO,-0.29120000000000007,33.00759999999999
CCCCCCCO,1.9491,35.84479999999999
CC(O)CCC(O)CO,-0.4994000000000002,34.00739999999999
